Module,Feature,User Story,Acceptance Criteria / Expected Behaviour,Data Elements for Listing / Form,Engineer ,Engineer timeline due date,business timeline Due date,Validator,Result - fail or pass,fail comments,QA RETESTING RESULT,PM Validation,DEMO VALIDATION
Admin Profile,View Profile,"As an admin, I want to view my profile so that I can see my account details.","System displays admin profile details such as name, email, phone number, role, branch, account status (active, inactive).",,Kelvin,,19th March,Kelvin,,,,,
Admin Profile,Change Password,"As an admin, I want to change my password so that I can secure my account.","Admin enters old password, new password, and confirm new password. System sends OTP to email for verification. After OTP confirmation, password is successfully updated.",,Kelvin,,19th March,Kelvin,,,,,
,,,,,,,,,,,,,
Dashboard,View System Analytics,"As an admin, I want to view system analytics on the dashboard so that I can quickly understand platform performance.",Dashboard loads successfully and displays analytics widgets.,,Kelivin,,20h March,Kelvin,,,,,
Dashboard,View Transaction Volume,"As an admin, I want to see the total transaction volume so that I can monitor transaction activity.",System displays the total number of transactions processed.,,Kelivin,,20h March,Kelvin,,,,,
Dashboard,View Total Customers,"As an admin, I want to see the total number of customers so that I can monitor user growth.",System displays total registered customers.,,Kelivin,,20h March,Kelvin,,,,,
Dashboard,View Transaction Trend Chart,"As an admin, I want to see transaction trends over time so that I can analyze system performance.",System displays a line chart showing transaction trends by time period.,,Kelivin,,20h March,Kelvin,,Nno endpoint to fetch trends.,,,
Dashboard,Dashboard Data Refresh,"As an admin, I want the dashboard data to refresh automatically so that the analytics reflect current data.",Dashboard refreshes data periodically or when the page reloads.,,Kelivin,,20h March,Kelvin,,,,,
Dashboard,User Sign-up View,"As an admin, I want to view user sign-up statistics by user type so that I can monitor platform growth.",The system displays user sign-up numbers categorized by user type with filter option.,,Kelivin,,20h March,Kelvin,,,,,
Dashboard,Bank Account View,"As an admin, I want to view bank accounts by user type so that I can track account distribution.","System displays bank accounts categorized by user type with filter, search, and export options.",,Kelivin,,20h March,Kelvin,,,,,
Dashboard,Transaction Performance View,"As an admin, I want to view transaction performance across products so that I can analyze financial activity.","System displays total transactions and transactions per product, with filter, search, and export capability.",,Kelivin,,20h March,Kelvin,,,,,
Dashboard,Dashboard Filters,"As an admin, I want to filter dashboard analytics so that I can view specific data ranges or categories.","System provides filters such as date range, product type, and user type.",,Kelivin,,20h March,Kelvin,,,,,
Dashboard,Dashboard Search,"As an admin, I want to search dashboard data so that I can quickly locate specific records.",Search bar returns matching records within the selected dashboard view.,,Kelivin,,20h March,Kelvin,,,,,
Dashboard,Dashboard Export,"As an admin, I want to export dashboard analytics so that I can generate reports for management.",System allows exporting dashboard data in Excel/CSV format.,,Kelivin,,20h March,Kelvin,,"The dashboard does not provide any option to export analytics data (Excel/CSV), even though this is part of the expected functionality. There is no visible Export button, dropdown, or download option on the dashboard interface.",,,
,,,,,,,,,,,,,
Admin Account Management,View Admin Accounts,"As a super admin, I want to view all admin accounts so that I can manage administrators on the platform.","System displays a list of all admin accounts with details such as first name, last name, email, phone number, role, and status.",,Kelivin,,20h March,Kelvin,,,,,
Admin Account Management,Search Admin Accounts,"As a super admin, I want to search admin accounts so that I can quickly find a specific admin.","System allows searching by phone number, email, first name, or last name.",,Kelivin,,20h March,Kelvin,,,,,
Admin Account Management,Filter Admin Accounts,"As a super admin, I want to filter admin accounts so that I can view admins by status or role.","System provides filters such as active, inactive, role type, and access type.",,Kelivin,,20h March,Kelvin,,,,,
Admin Account Management,Export Admin Accounts,"As a super admin, I want to export the list of admin accounts so that I can generate reports.",System allows exporting admin account data in Excel or CSV format.,,Kelivin,,20h March,Kelvin,,,,,
Admin Account Management,View Admin Details,"As a super admin, I want to click on an admin account to see more details so that I can review full information.",Clicking an admin record opens a detailed profile page showing full admin information.,,Kelivin,,20h March,Kelvin,,,,,
Admin Account Management,Edit Admin Account,"As a super admin, I want to edit an admin account so that I can update their information.","Admin details such as name, phone, role, permissions, or access type can be modified.",,Kelivin,,20h March,Kelvin,,,,,
Admin Account Management,Delete Admin Account,"As a super admin, I want to delete an admin account so that I can remove administrators who no longer require access.",System allows deletion of selected admin account after confirmation.,,Kelivin,,20h March,Kelvin,,"Unable to delete an admin account . an error popup appears ""An unexpected error occurred"".  Delete request returning 500 Internal Server error.",,,
Admin Account Management,Activate / Deactivate Admin,"As a super admin, I want to activate or deactivate admin accounts so that I can control their access to the system.",System allows toggling active or inactive status for each admin account.,,Kelivin,,20h March,Kelvin,,,,,
Admin Account Management,Create Admin Account,"As a super admin, I want to create a new admin account so that I can add new administrators to the system.","Admin enters first name, last name, email address, and phone number.",,Kelivin,,20h March,Kelvin,,,,,
Admin Account Management,Assign Role,"As a super admin, I want to assign a role to a new admin so that access permissions are properly defined.",System provides a dropdown list of available roles for selection.,,Kelivin,,20h March,Kelvin,,,,,
Admin Account Management,Assign Permissions,"As a super admin, I want to assign permissions to an admin so that I can control what they can access.",System displays a list of permissions that can be selected during admin creation or editing.,,Kelivin,,20h March,Kelvin,,,,,
Admin Account Management,Assign Access Type,"As a super admin, I want to define access type so that the admin’s workflow responsibility is clear.",Admin can be assigned Reviewer (Maker) or Approver (Checker) access type.,,Kelivin,,20h March,Kelvin,,,,,
Admin Account Management,Submit Admin Creation,"As a super admin, I want to submit the admin account creation form so that the admin receives access to the system.",System validates input fields and sends an invitation email after successful creation.,,Kelivin,,20h March,Kelvin,,"An error occurs when attempting to submit create a new admin user with assigned roles. The system displays a vague error message “Wrong”, while the network response shows a 500 Internal Server Error.",,,
Admin Account Management,Owner Privileges,"As the system owner, I want full administrative control so that I can manage all admin functions.","Owner can create admins, assign super admin roles, manage roles and permissions, activate/deactivate admins, and perform all admin management actions.",,Kelivin,,20h March,Kelvin,,,,,
,,,,,,,,,,,,,
Customer Management,View Customers,"As an admin, I want to view all customers so that I can manage platform users.","System displays customers categorized as Individual, Registered Corporate, and Non-Registered Corporate.",,Kelvin ,,24th March,Kelvin,,,,,
Customer Management,Filter Customers by Type,"As an admin, I want to filter customers by type so that I can easily manage specific customer categories.","System allows filtering by Individual, Registered Corporate, and Non-Registered Corporate.",,Kelvin ,,24th March,Kelvin,,,,,
Customer Management,Search Customers,"As an admin, I want to search for customers so that I can quickly locate a specific user.","System allows search by phone number, email, first name, and last name.",,Kelvin ,,24th March,Kelvin,,,,,
Customer Management,Export Customer Data,"As an admin, I want to export customer data so that I can generate reports.",System allows exporting customer records in Excel or CSV format.,,Kelvin ,,24th March,Kelvin,,"Searching for customers using BVN fails. The system returns “Nothing Found” on the UI, while the network response shows a 400 Bad Request error with a backend failure message.",,,
Customer Management,View Customer Details,"As an admin, I want to click on a customer to see more details so that I can review their full profile.",Clicking a customer opens an expanded customer profile view.,,Kelvin ,,24th March,Kelvin,,,,,
Customer Management,Customer Actions,"As an admin, I want to take actions on a customer account so that I can manage their access.","Admin can view, deactivate, activate, or block a customer account.",,Kelvin ,,24th March,Kelvin,,Endpoint needs modification to work proper. Endpoint (auth-serviceV3/admin/users/31/status) to update user status returns 500 server error.,,,
Customer Management,View Personal Details,"As an admin, I want to see a customer’s personal information so that I can verify identity.","Expanded view displays name, phone, email, address, and other personal details.",,Kelvin ,,24th March,Kelvin,,,,,
Customer Management,View Customer Category,"As an admin, I want to see the customer's category so that I can understand their classification.",System displays the customer category (individual or corporate type).,,Kelvin ,,24th March,Kelvin,,,,,
Customer Management,View Subscribed Products,"As an admin, I want to see products subscribed to by the customer so that I know which services they use.",System lists all products the customer is subscribed to.,,Kelvin ,,24th March,Kelvin,,No endpoint to view products a customer is subscribed to yet.,,,
Customer Management,View User Activities,"As an admin, I want to see customer activity logs so that I can monitor usage.","System displays user activity history such as login, actions performed, and changes made.",,Kelvin ,,24th March,Kelvin,,,,,
Customer Management,View Customer Transactions,"As an admin, I want to see customer transactions so that I can monitor financial activity.","System displays total transactions, transactions by time period, specific date search, filter options, and transaction history.",,Kelvin ,,24th March,Kelvin,,,,,
Customer Management,View KYC and Tier,"As an admin, I want to view the customer’s KYC status and tier so that I can verify compliance level.",System displays KYC verification status and assigned transaction tier.,,Kelvin ,,24th March,Kelvin,,,,,
Customer Management,View Uploaded Documents,"As an admin, I want to view documents uploaded by the customer so that I can verify identity or compliance.","System displays uploaded documents such as ID, certificates, and verification files.",,Kelvin ,,24th March,Kelvin,,,,,
Customer Management,View Customer Accounts,"As an admin, I want to see the customer’s account numbers so that I can review their financial accounts.",System displays all linked account numbers belonging to the customer.,,Kelvin ,,24th March,Kelvin,,,,,
Customer Management,View Customer Loans,"As an admin, I want to see loan products associated with the customer so that I can track lending activity.","System displays loan products, loan status, and loan history.",,Kelvin ,,24th March,Kelvin,,No endpoint for admin to fetch loan details of a particular customer,,,
Customer Management,View Customer Summary,"As an admin, I want to see a summary of customer financial activity so that I can understand their engagement.","Expanded view displays total transactions, balances, and overall activity summary.",,Kelvin ,,24th March,Kelvin,,,,,
Customer Management,Edit Customer,"As an admin, I want to edit customer details so that I can correct or update user information.",Admin can update customer profile details where permitted.,,Kelvin ,,24th March,Kelvin,,No endpoint to Edit Customer Details,,,
Customer Management,Create Personal / Non-CAC Customer (Tier 1),"As an admin initiator, I want to create a personal or non-CAC customer account using BVN and date of birth so that the system can validate the customer's identity and prefill their details.","Admin logs into the dashboard and selects Create User. Admin enters BVN and Date of Birth. System sends OTP to the BVN-linked phone number and validates the BVN. The registration form is displayed with BVN, phone number, date of birth, first name, and last name auto-populated.","BVN, Phone Number, Date of Birth, First Name, Last Name",Kelvin ,,24th March,Kelvin,,,,,
Customer Management,Complete Customer Registration (Tier 1),"As an admin initiator, I want to complete the registration form so that the customer account can be created.","Admin selects Account Type (Personal or Non-CAC). Admin selects gender and enters address. If Non-CAC, admin also enters Business Name. Admin submits the form and the request goes to the approval queue.","Account Type, Gender, Address, Business Name",Kelvin ,,24th March,Kelvin,,,,,
Customer Management,Approve Customer Creation (Tier 1 – Checker),"As an admin approver, I want to review and approve customer creation requests so that only verified customers can access the platform.","Admin approver reviews the request in the approval queue. Approver can approve or reject. Once approved, the customer account becomes active as Tier 1.","Customer Name, BVN, Account Type, Status",Kelvin ,,24th March,Kelvin,,,,,
Customer Management,Activate Customer,"As an admin approver, I want to activate a customer account after review so that the customer can start using the platform.",Customer account becomes active only after the approver reviews and approves the request created by the initiator.,"Customer ID, Name, Status",Kelvin ,,24th March,Kelvin,,,,,
,,,,,,,,,,,,,
Customer Management (cooperate),Business Management Listing,"As an Admin, I want to view a list of all registered business entities so that I can manage corporate relationships and onboarding.","The system must display a paginated table of businesses with ""View"" and ""Edit"" actions available via a three-dot menu. It must support filtering by registration date and a global search.","Business ID, Business Name, Business Email, Business PhoneNumber, Business Type, Business Account Type.",Kelvin ,"3rd April, 2026",24th March,Kelvin,,,,,
Customer Management (cooperate),Business Search & Filtering,"As a Relationship Manager, I want to filter businesses by their onboarding date to track monthly registration targets.","Provide ""Start Date"" and ""End Date"" calendar pickers at the top of the Business Management table. The ""Search"" button must refresh the list based on these dates.","Search Query, Start Date (MM/DD/YYYY), End Date (MM/DD/YYYY).",Kelvin ,"3rd April, 2026",24th March,Kelvin,,,,,
Customer Management (cooperate),Bulk Business Upload,"As an Operations Officer, I want to upload multiple business profiles at once to save time during large merchant migrations.","Provide a ""Bulk upload"" button that accepts a standardized Excel/CSV template. The system must validate data for errors before finalizing the upload.",File Upload (Excel/CSV).,Kelvin ,"3rd April, 2026",24th March,Kelvin,,,,,
Customer Management (cooperate),Create New Business Entry,"As an Admin, I want to manually register a new business entity to initiate the account opening process.","Provide a ""Create Business"" button that opens a comprehensive registration form. (Details pending your next screenshot).","Business Name, Email, Phone, Business Type.",Kelvin ,"3rd April, 2026",24th March,Kelvin,,,,,
Customer Management (cooperate),Business Data Export,"As a Compliance Officer, I want to export the business list to Excel for external regulatory reporting.","Provide an ""Export"" button that generates an Excel file containing all columns currently visible in the filtered view.",Excel Export File.,Kelvin ,"3rd April, 2026",24th March,Kelvin,,,,,
Customer Management (cooperate),Create Business Account (Multi-Tab Form),"As an Admin, I want to capture comprehensive business data across four categories so that the corporate entity is fully profiled for KYC.","The system must provide a modal with 4 tabs: Business Details, Directors, Shareholders, and References. Validation must trigger for mandatory fields (red asterisks).","Business Name, Reg No, CAC No, Tax ID, Business Type, Reg/Incorp Dates, Address, City, State, Country, Email, Phone, Website, Trade Name, Postal Address.",Kelvin ,"3rd April, 2026",24th March,Kelvin,,,,,
Customer Management (cooperate),Corporate KYC Document Upload,"As a Compliance Officer, I want the system to store mandatory legal documents to ensure the business meets regulatory standards.","System must allow file uploads for CAC Certificate, MEMART, Utility Bill, and Status Report. Files must be viewable via a ""View Current"" link after upload.","CAC Certificate, MEMART, Business Utility Bill, CAC Status Report (File Uploads).",Kelvin ,"3rd April, 2026",24th March,Kelvin,,,,,
Customer Management (cooperate),Bank Verification Number(BVN),"As an Admin, I want to verify the identities of Directors and Shareholders using their BVN to prevent fraudulent registrations.","On the Directors/Shareholders tabs, entering a BVN and clicking ""Verify BVN"" must pull and validate the person's legal name and DOB from the national database.","BVN, Date of Birth, Full Name, Phone, Email, NIN, Address, Photograph, Utility Bill, NIN Card (File Uploads).",Kelvin ,"3rd April, 2026",24th March,Kelvin,,,,,
Customer Management (cooperate),Save to Draft Workflow,"As an Admin, I want to save a partially filled form as a draft so that I can complete the registration later without losing data.","Clicking ""Save Business Account"" must store the record in a ""Draft"" status. Drafts must be visible in the ""Draft CAC Business Accounts"" listing for later editing.","Save Action, Draft Status.",Kelvin ,"3rd April, 2026",24th March,Kelvin,,,,,
Customer Management (cooperate),Approval & Automated Notification,"As a Business Owner, I want to receive my account details via email once my registration is approved by the bank.","Once a draft is submitted and approved by a Checker, the system must auto-generate a welcome email containing the new business account credentials.","Approval Action, Automated Email Trigger.",Kelvin ,"3rd April, 2026",24th March,Kelvin,,,,,
,,,,,,,,,,,,,
Account Services (accounts),Master Account Listing,"As an Admin, I want to view a unified list of all accounts so I can monitor balances and tiers across the system.",System must display a paginated table (default 100 per page) with horizontal scrolling. It must support global search and data export to Excel.,"Tier Code, Account Balance, Available Balance, Lien Amount, Account Name, Account Number, Account Class.",Kelvin ,"10th April, 2026",28th March,Tolu,Fail,No unified paginated list of all accounts.,,,
Account Services (accounts),Request Account Statement,"As an Operations Officer, I want to generate account statements for customers for specific date ranges.","User provides an Account Number and Date Range; system generates a downloadable file. Includes a checkbox to ""Send to Customer Email"".","Account Number, Start Date, End Date, Format (PDF/Excel), Send to Email (Checkbox).",Kelvin ,"10th April, 2026",28th March,Tolu,Fail,,,,
Account Services (accounts),Closed Accounts Management,"As a Compliance Officer, I want to track accounts that have been deactivated or deleted for auditing purposes.","A dedicated list for accounts with a status of ""DELETED"". Provides a ""360 View"" and a ""View"" button to inspect historical account details.","Account Balance, Account Name, Account Number, Account Class, Account Status.",Kelvin ,"10th April, 2026",28th March,Tolu,Fail,Not implemented,,,
Account Services (accounts),Account Search & Date Filtering,"As an Auditor, I want to filter account records by their activity dates to narrow down specific transaction windows.","The interface must provide ""Start Date"" and ""End Date"" calendar pickers to refine the current list view.","Search Query (Text), Start Date (Calendar), End Date (Calendar).",Kelvin ,"10th April, 2026",28th March,Tolu,Fail,Not implemented,,,
Account Services (accounts),Tier & Class Verification,"As a Product Manager, I want to see the classification of each account to ensure customers are within their assigned limits.","The listing must explicitly distinguish between Tier codes (e.g., TIER_1) and Account Classes (e.g., BUSINESS).","Tier Code, Account Class.",Kelvin ,"10th April, 2026",28th March,Tolu,Fail,Not implemented,,,
Account Services (Internal account),Internal Account Listing,"As a Finance Admin, I want to view a list of all internal GL accounts so I can monitor operational balances.",The system must display a table of all internal accounts with their current balances. It must support searching by account name or number and filtering by creation date.,"Account Name, Account Balance, Account Number, Account Class (e.g., INTERNAL, INTERNAL_PND), Account CreatedAt.",Kelvin ,"10th April, 2026",28th March,Tolu,Fail,Not implemented,,,
Account Services (Internal account),Create Internal Account,"As a Finance Admin, I want to create new internal accounts linked to specific GL products and branches.","The system must provide a creation modal. New accounts must be mapped to an ""Account Product"" and a ""GL Level 2"" category to ensure proper accounting categorization.","Account Name (Text), Account Product (Dropdown), GL Level 2 (Dropdown), Branch (Dropdown).",Kelvin ,"10th April, 2026",28th March,Tolu,Fail,Not implemented,,,
Account Services (Internal account),Bulk Internal Account Upload,"As an Operations Officer, I want to upload multiple internal accounts at once during system setup or migration.","The system must provide a ""Bulk upload"" function. This should allow for the mass creation of GL-linked accounts using a predefined template.",Bulk Upload File (Excel/CSV).,Kelvin ,"10th April, 2026",28th March,Tolu,Fail,Not implemented,,,
Account Services (Internal account),Internal Account Data Export,"As an Auditor, I want to export the internal account list to Excel for periodic financial reconciliation.","Clicking the ""Export"" button must generate an Excel file containing all account details currently visible in the listing.",Excel Export File.,Kelvin ,"10th April, 2026",28th March,Tolu,Fail,Not implemented,,,
Account Services (Internal account),Account Balance & Audit View,"As a Finance Officer, I want to inspect a specific internal account's details to verify its transaction history.","The table must include a ""View"" action for each record. This opens the detailed transaction logs for that specific internal account.",View Action.,Kelvin ,"13th April, 2026",28th March,Tolu,Fail,Not implemented,,,
,,,,,,,,,,,,,
Product Management,View All Products,"As an admin, I want to view all products available on the platform so that I can monitor product performance and manage their configurations.","System displays product analytics including number of transactions, transaction volume, total credit, total debit, and revenue earned. Admin can search, filter, expand product details, export data, and view analytics by timeframe (day, month, year, custom date range).",,Kelvin,"20th April, 2026",30th March,Tolu,Fail,not implemented,,,
Product Management,Loan Product Management,"As an admin, I want to monitor and manage loan products so that I can track performance and adjust product configurations when necessary.","System displays loan product analytics including number of transactions, transaction volume, total credit, total debit, and revenue earned. Admin can manage pricing, fees, and product visibility. Admin can filter by timeframe, search, export reports, and expand product details.",,Kelvin,"20th April, 2026",30th March,Tolu,Fail,not implemented,,,
Product Management,POS Product Management,"As an admin, I want to monitor and manage POS products so that I can track usage and adjust product settings.","System displays POS product analytics including number of transactions, volume, total credit, total debit, and revenue earned. Admin can manage product pricing, transaction fees, and visibility settings. Admin can search, filter by date range, export reports, and expand details.",,Kelvin,"20th April, 2026",30th March,Tolu,Fail,not implemented,,,
Product Management,Bank Account Product Management,"As an admin, I want to manage bank account products so that I can monitor their performance and configure related charges or visibility.","System displays bank account product analytics including number of transactions, volume, total credit, total debit, and revenue earned. Admin can update pricing, service fees, and product visibility. Admin can search, filter, export data, and view analytics by timeframe.",,Kelvin,"20th April, 2026",30th March,Tolu,Fail,not implemented,,,
Product Management,Bills Payment Product Management,"As an admin, I want to monitor and manage bill payment products so that I can track transaction activity and adjust product settings.","System displays bill payment analytics including number of transactions, transaction volume, total credit, total debit, and revenue earned. Admin can manage fees, pricing, and product availability. Admin can filter by date range, search, export data, and expand details.",,Kelvin,"20th April, 2026",30th March,Tolu,Fail,"System  does not displays bill payment analytics including  transaction volume, total credit, total debit, and revenue earned. Admin can not manage fees, pricing, and product availability. Admin can not filter by date range, search, export data, and expand details.",,,
Product Management,ATM Card Product Management,"As an admin, I want to monitor and manage ATM card products so that I can control pricing, card fees, and visibility of the card service.","System displays ATM card product analytics including number of transactions, volume, total credit, total debit, and revenue earned. Admin can configure pricing, card issuance fees, and product visibility. Admin can filter by timeframe, search, export reports, and expand details.",,Kelvin,"20th April, 2026",30th March,Tolu,Fail,not implemented,,,
Product Management,Virtual Account Product Management,"As an admin, I want to manage virtual account products so that I can monitor usage and configure pricing or visibility.","System displays virtual account analytics including number of transactions, transaction volume, total credit, total debit, and revenue earned. Admin can manage fees, pricing rules, and visibility. Admin can search, filter by date range, export data, and expand product details.",,Kelvin,"20th April, 2026",30th March,Tolu,Fail,not implemented,,,
Product Management,Payout / Fund Transfer Product Management,"As an admin, I want to manage payout and fund transfer products so that I can monitor transaction performance and configure fees.","System displays payout/transfer analytics including number of transactions, volume, total credit, total debit, and revenue earned. Admin can manage transfer fees, pricing rules, and product visibility. Admin can search, filter, export reports, and expand details.",,Kelvin,"20th April, 2026",30th March,Tolu,Fail,Not implemented,,,
Product Management,Pay with WayaBank Product Management,"As an admin, I want to monitor and manage the Pay with WayaBank product so that I can track transaction performance and configure pricing.","System displays Pay with WayaBank analytics including number of transactions, transaction volume, total credit, total debit, and revenue earned. Admin can update pricing, transaction fees, and visibility settings. Admin can search, filter by timeframe, export reports, and expand product details.",,Kelvin,"20th April, 2026",30th March,Tolu,Fail,Not implemented,,,
Product Management,Transfer Product Management,"As an admin, I want to manage transfer products so that I can monitor performance and configure transfer pricing and fees.","System displays transfer product analytics including number of transactions, transaction volume, total credit, total debit, and revenue earned. Admin can configure transfer fees, pricing rules, and visibility. Admin can filter by timeframe, search, export data, and expand product details.",,Kelvin,"20th April, 2026",30th March,Tolu,Fail,Not implemented,,,
Product Management,Deposit Product Management,"As an admin, I want to monitor and manage deposit products so that I can track deposit transactions and configure related fees or visibility.","System displays deposit product analytics including number of transactions, transaction volume, total credit, total debit, and revenue earned. Admin can configure deposit fees, pricing rules, and product visibility. Admin can search, filter by timeframe, export reports, and expand product details.",,Kelvin,"20th April, 2026",30th March,Tolu,Fail,Not implemented,,,
Product Management,USSD Product Management,"As an admin, I want to monitor and manage USSD banking products so that I can track transaction performance and configure USSD service pricing.","System displays USSD transaction analytics including number of transactions, transaction volume, total credit, total debit, and revenue earned. Admin can configure USSD service charges, pricing rules, and product visibility. Admin can search, filter by timeframe, export reports, and expand product details.",,Kelvin,"20th April, 2026",30th March,Tolu,Fail,Not implemented,,,
Product Management,Investment Product Management,"As an admin, I want to monitor and manage investment products so that I can track investment performance and configure pricing or availability.","System displays investment product analytics including number of transactions, transaction volume, total credit, total debit, and revenue earned. Admin can configure investment fees, pricing rules, and product visibility. Admin can search, filter by timeframe, export reports, and expand product details.",,Kelvin,"20th April, 2026",30th March,Tolu,Fail,Not implemented,,,
,,,,,,,,,,,,,
Manage KYC,Submit NIN Verification on Behalf of User (Tier 2 Upgrade),"As an admin initiator, I want to submit NIN verification on behalf of the user so that the customer can be upgraded from Tier 1 to Tier 2.","Admin selects the customer profile and chooses Submit NIN Verification. Admin enters NIN, Profile ID, First Name, Last Name, Email, Admin Remarks, uploads photo, and submits request.","Profile ID, NIN, First Name, Last Name, Email, Photo, Admin Remarks",Kelvin,,30th March,Tolu,pass,,,,
Manage KYC,Approve NIN Verification (Tier 2 – Maker Checker),"As an admin approver, I want to review the NIN verification request so that the customer's identity can be confirmed before upgrading their tier.","Approver reviews the request and approves or rejects it. Once approved, the account is upgraded to Tier 2.","NIN, Customer Name, Status",Kelvin,,30th March,Tolu,pass,,,,
Manage KYC,NIN Submission Review,"As a KYC Checker, I want to review the specific details of an NIN submission to ensure the data matches the government database.","Clicking ""View Details"" opens a modal showing the NIN, name, uploaded photo, and remarks.","Profile ID, NIN, Photo, Remarks",Kelvin,,30th March,Tolu,pass,,,,
Manage KYC,Approve / Reject NIN,"As a KYC Checker, I want to approve or reject identity submissions to update the user's KYC tier level.",System provides Approve and Reject actions with mandatory remarks for rejection.,"Status, Remarks",Kelvin,,30th March,Tolu,pass,,,,
Manage KYC,Audit Trail for KYC,"As an Auditor, I want to see who approved an identity and when to maintain accountability.",Table displays admin email and timestamp of approval.,"Approved By, Approved At",Kelvin,,30th March,Tolu,pass,,,,
Manage KYC,NIN Data Export,"As a KYC Checker, I want to export the NIN verification list for offline auditing and reporting.",System provides Export button to download Excel file.,Excel Export File,Kelvin,"23rd April, 2026",30th March,Tolu,,No Export button to download Excel file.,,,
Manage KYC,Submit Utility Bill on Behalf of User (Tier 3 Upgrade),"As an admin initiator, I want to upload a utility bill for the user so that their address can be verified for Tier 3 upgrade.","Admin uploads utility bill, selects provider and type, and submits for approval.","Utility Bill Type, Provider, Document",Kelvin,,30th March,Tolu,pass,,,,
Manage KYC,Approve Utility Bill (Tier 3 – Maker Checker),"As an admin approver, I want to verify the user's address before upgrading the account to Tier 3.",Approver reviews request and approves or rejects. Approved users move to Tier 3.,"Utility Type, Status",Kelvin,,30th March,Tolu,pass,,,,
Manage KYC,Utility Verification Listing,"As an Admin, I want to see a filtered list of all utility document submissions.",Table view with search and date filters.,"ID, Name, Email, Utility Type, Status",Kelvin,"23rd April, 2026",30th March,Tolu,,No search and date filter button,,,
Manage KYC,Utility Data Export,"As a KYC Checker, I want to export utility verification records for compliance reporting.",Export button generates Excel file.,Excel Export File,Kelvin,"23rd April, 2026",30th March,Tolu,,No export button to generates excel file,,,
Manage KYC,CAC Verification,"As an admin, I want to verify CAC documents for corporate customers so that business accounts meet regulatory requirements.",System allows CAC document upload and approval by a checker.,"CAC Number, Business Name, Documents",Kelvin,,30th March,Tolu,pass,,,,
Manage KYC,CAC Approval,"As a compliance officer, I want to approve CAC verification for corporate customers.",Checker approves or rejects CAC documents after review.,"CAC Status, Approved By",Kelvin,,30th March,Tolu,pass,,,,
Manage KYC,Execute BVN Refresh,"As an Admin, I want to update a user's BVN in the system so that their profile stays synchronized with the national identity database.","Entering a User ID and a New 11-digit BVN must trigger an immediate API call to the provider (e.g., NIBSS). Upon success, the system must overwrite the old BVN in the user profile and account records.","User ID, Old BVN, New BVN, Reason",Kelvin,"23rd April, 2026",30th March,Tolu,,Not implemented,,,
Manage KYC,BVN Refresh History Listing,"As an Admin, I want to view a log of all BVN updates to maintain a clear audit trail of identity changes.",System displays a table of all refresh attempts with search and date filters.,"User Name, Email, Old BVN, New BVN, Status, Created At, Executed By",Kelvin,"23rd April, 2026",30th March,Tolu,,Not implemented,,,
Manage KYC,Refresh Data Export,"As a Compliance Officer, I want to export the BVN refresh logs to Excel for regulatory reporting.",System provides an Export button that downloads all BVN refresh logs.,Excel Export File,Kelvin,"23rd April, 2026",30th March,Tolu,,No Export button that downloads all BVN refresh logs.,,,
,,,,,,,,,,,,,
Account Services,View Customer Accounts,"As an admin, I want to view all customer accounts so that I can monitor account details and status.","System displays account number, account name, account type, tier level, and status. Admin can search, filter, view details, and export account data.",,Kelvin,"4th May, 2026",2nd April,Tolu,pass,,,,
Account Services,View Account Details,"As an admin, I want to view detailed information about a customer account so that I can review profile information and account activity.","Admin selects an account to view profile details, tier level, account status, linked products, and transaction summary.",,Kelvin,"4th May, 2026",2nd April,Tolu,pass,,,,
Account Services,Account Entries (Ledger Entries),"As an admin, I want to view all account entries so that I can track credits and debits affecting customer accounts.","System records every debit and credit entry linked to an account. Entries include transaction ID, entry type (debit/credit), amount, timestamp, product source, and status. Admin can search, filter, and export entries.",,Kelvin,"4th May, 2026",2nd April,Tolu,,Not implemented,,,
Account Services,View General Ledger,"As an admin, I want to view the general ledger so that I can track all financial movements across the system.","System displays ledger records showing debit and credit balances across accounts. Admin can filter by date, product, or account type and export ledger reports.",,Kelvin,"4th May, 2026",2nd April,Tolu,,Not implemented,,,
Account Services,Chart of Accounts Management,"As an admin, I want to manage the chart of accounts so that financial transactions are properly categorized.","System maintains structured accounts such as Assets, Liabilities, Revenue, Expenses, and Equity. Admin can create, edit, or deactivate ledger accounts.",,Kelvin,"4th May, 2026",2nd April,Tolu,,Not implemented,,,
Account Services,Create Ledger Account,"As an admin initiator, I want to create a new ledger account so that new financial categories can be tracked in the system.","Admin enters account name, account code, account type (asset, liability, revenue, expense, equity) and submits for approval.",,Kelvin,"4th May, 2026",2nd April,Tolu,,Not implemented,,,
Account Services,Approve Ledger Account Creation (Maker–Checker),"As an admin approver, I want to approve new ledger accounts so that only authorized accounts are added to the chart of accounts.","Admin approver reviews the request and can approve or reject. Once approved, the ledger account becomes active in the chart of accounts.",,Kelvin,"4th May, 2026",2nd April,Tolu,,Not implemented,,,
Account Services,Freeze Customer Account,"As an admin initiator, I want to freeze a customer account so that transactions can be temporarily restricted.","Admin selects account, enters freeze reason, and submits the request. Request goes to approval queue.",,Kelvin,"7th May, 2026",2nd April,Tolu,,Not implemented,,,
Account Services,Approve Account Freeze (Maker–Checker),"As an admin approver, I want to approve freeze requests so that restrictions are properly authorized.","Once approved, the account status changes to Frozen and transactions are blocked.",,Kelvin,"7th May, 2026",2nd April,Tolu,,Not implemented,,,
Account Services,Unfreeze Customer Account,"As an admin initiator, I want to unfreeze a frozen account so that the user can resume transactions.",Admin submits unfreeze request with remarks. Request goes to approval queue.,,Kelvin,"7th May, 2026",2nd April,Tolu,,Not implemented,,,
Account Services,Approve Account Unfreeze (Maker–Checker),"As an admin approver, I want to approve account unfreeze requests so that normal account operations can resume.","Once approved, account status changes to Active and transactions are restored.",,Kelvin,"7th May, 2026",2nd April,Tolu,,Not implemented,,,
Account Services,Close Customer Account,"As an admin initiator, I want to request account closure so that inactive or terminated accounts can be closed.","Admin selects account, provides closure reason, and submits the request for approval.",,Kelvin,"7th May, 2026",2nd April,Tolu,,Not implemented,,,
Account Services,Approve Account Closure (Maker–Checker),"As an admin approver, I want to approve account closure so that accounts are closed only after proper authorization.","Once approved, account status changes to Closed and transactions are permanently disabled.",,Kelvin,"7th May, 2026",2nd April,Tolu,,Not implemented,,,
Account Services,Transaction History,"As an admin, I want to view the full transaction history of an account so that I can monitor financial activity.","System displays credits, debits, timestamps, transaction type, status, and product source. Admin can filter by date range, search, expand details, and export records.",,Kelvin,"7th May, 2026",2nd April,Tolu,,"System display Credits,Transaction type,status, and timestamps correctly. However, the following are missing : product source, date range, filter and export functionality.",,,
,,,,,,,,,,,,,
GL Account Management,View GL Level 1,"As an admin, I want to view all GL Level 1 accounts so that I can manage the main categories in the chart of accounts.","System displays Code, Description, Category Code, Creation Date, and Status. Admin can view account details from the list.",,Awesome ,,24th March,Chioma,,Not yet implemented ,,,
GL Account Management,Search GL Level 1,"As an admin, I want to search GL Level 1 accounts so that I can quickly locate a specific category.",Admin enters GL code or description in the search field and the system returns matching records.,,Awesome ,,24th March,Chioma,,Not yet implemented,,,
GL Account Management,Filter GL Level 1 by Date,"As an admin, I want to filter GL Level 1 records by date so that I can review accounts created within a selected period.",Admin selects Start Date and End Date and the system displays GL accounts created within that period.,,Awesome ,,24th March,Chioma,,"Error message displayed ""Fail to retrieve daily summaries:CBA  service internal error""",,,
GL Account Management,Create GL Level 1,"As an admin initiator, I want to create a GL Level 1 account so that new top-level categories can be added to the chart of accounts.","Admin clicks Create GL Level, enters Code, Description, and Category Code, and submits the request for maker–checker approval.",,Awesome ,,24th March,Chioma,,Not yet implemented,,,
GL Account Management,Bulk Upload GL Level 1,"As an admin, I want to upload multiple GL Level 1 accounts at once so that I can configure the chart of accounts quickly.","Admin clicks Bulk Upload, uploads a CSV/Excel template, system validates the file and imports records successfully.",,Awesome ,,24th March,Chioma,,Not yet implemented ,,,
GL Account Management,Export GL Level 1 Data,"As an admin, I want to export GL Level 1 records so that I can analyze or archive the chart of accounts.",Admin clicks Export and the system downloads GL Level 1 data in Excel format.,,Awesome ,,24th March,Chioma,,Not yet implemented,,,
GL Account Management,View GL Level 1 Details,"As an admin, I want to view the details of a GL Level 1 account so that I can review its configuration and linked accounts.",Admin clicks View and the system displays GL Level 1 account information and associated GL Level 2 accounts.,,Awesome ,,24th March,Chioma,,Not yet implemented,,,
GL Account Management,Edit GL Level 1,"As an admin initiator, I want to edit GL Level 1 details so that account information can be updated when necessary.","Admin clicks Edit, modifies fields, and submits the update for maker–checker approval.",,Awesome ,,24th March,Chioma,,Not yet implemented,,,
GL Account Management,Activate / Deactivate GL Level 1,"As an admin initiator, I want to activate or deactivate GL Level 1 accounts so that unused categories cannot be used in financial configurations.",Status change request is submitted and must be approved by another admin before becoming active.,,Awesome ,,24th March,Chioma,,Not yet implemented,,,
GL Account Management,Approve GL Level 1 Requests,"As an admin approver, I want to review and approve GL Level 1 creation or updates so that the chart of accounts remains controlled and compliant.",Requests appear in the Authorization Queue where the approver can approve or reject the request.,,Awesome ,,24th March,Chioma,,Not yet implemented,,,
GL Account Management ,View GL Level 2,"As an admin, I want to view all GL Level 2 accounts so that I can manage sub-categories under GL Level 1.","System displays Code, Description, GL Level 1 Code, Creation Date, and Status. Admin can view details, edit, and configure rules.",,Awesome ,,24th March,Chioma,,Not yet implemented,,,
GL Account Management,Search GL Level 2,"As an admin, I want to search GL Level 2 accounts so that I can quickly locate specific sub-accounts.",Admin enters GL code or description in the search field and the system returns matching records.,,Awesome ,,24th March,Chioma,,Not yet implemented,,,
GL Account Management,Filter GL Level 2 by Date,"As an admin, I want to filter GL Level 2 records by date so that I can review accounts created during a specific period.",Admin selects Start Date and End Date and the system displays accounts created within that period.,,Awesome ,,24th March,Chioma,,Not yet implemented,,,
GL Account Management,Create GL Level 2,"As an admin initiator, I want to create a GL Level 2 account under a GL Level 1 category so that financial categories can be structured properly.","Admin clicks Create GL Level2, enters Code, Description, and selects GL Level 1 Code, then submits for maker–checker approval.",,Awesome ,,24th March,Chioma,,Not yet implemented,,,
GL Account Management,Bulk Upload GL Level 2,"As an admin, I want to upload multiple GL Level 2 accounts at once so that the chart of accounts can be configured faster.","Admin clicks Bulk Upload, uploads a CSV/Excel template, system validates and imports records successfully.",,Awesome ,,24th March,Chioma,,Not yet implemented,,,
GL Account Management,Export GL Level 2 Data,"As an admin, I want to export GL Level 2 records so that I can analyze or archive the chart of accounts.",Admin clicks Export and system downloads GL Level 2 data in Excel format.,,Awesome ,,24th March,Chioma,,Not yet implemented,,,
GL Account Management,View GL Level 2 Details,"As an admin, I want to view the details of a GL Level 2 account so that I can review its configuration.",Admin clicks View and system displays full GL account information and related configuration.,,Awesome ,,24th March,Chioma,,Not yet implemented,,,
GL Account Management,Edit GL Level 2,"As an admin initiator, I want to edit GL Level 2 details so that account information can be corrected or updated.","Admin clicks Edit, modifies fields, and submits changes for approval via maker–checker workflow.",,Awesome ,,24th March,Chioma,,Not yet implemented,,,
GL Account Management,Configure GL Rules,"As an admin, I want to configure rules for GL Level 2 accounts so that transaction postings follow predefined accounting logic.","Admin clicks Rules, defines posting rules or constraints, and submits configuration for approval.",,Awesome ,,24th March,Chioma,,Not yet implemented,,,
GL Account Management,Activate / Deactivate GL Level 2,"As an admin initiator, I want to activate or deactivate GL Level 2 accounts so that unused accounts cannot be used in transactions.",Status change request is submitted and must be approved by another admin before becoming active.,,Awesome ,,24th March,Chioma,,Not yet implemented,,,
GL Account Management,Approve GL Level 2 Requests,"As an admin approver, I want to review and approve GL Level 2 creation or updates so that the chart of accounts remains controlled.","Requests appear in the Authorization Queue, approver can approve or reject changes.",,Awesome ,,24th March,Chioma,,Not yet implemented,,,
,,,,,,,,,,,,,
,,,,,,,,,,,,,
GL Posting,Post Accounting Entries,"As a system or admin, I want transactions to post entries into the appropriate GL accounts so that financial records remain accurate.","When a transaction occurs, the system automatically creates debit and credit entries in mapped GL accounts.",,Awesome ,,24th March,Chioma,,,,,
GL Posting,View GL Entries,"As an admin, I want to view GL postings so that I can track how transactions affect financial accounts.","System shows transaction reference, debit GL, credit GL, amount, date, and status.",,Awesome ,,24th March,Chioma,,,,,
GL Posting,Manual GL Posting,"As an authorized admin, I want to manually post entries to GL accounts for adjustments or corrections.","Admin selects Debit GL, Credit GL, Amount, Description and submits for maker–checker approval.",,Awesome ,,24th March,Chioma,,Not yet implemented,,,
GL Posting,GL Posting Approval,"As an approver, I want to review manual postings before they affect the ledger.",Posting appears in Authorization Queue and must be approved before affecting balances.,,Awesome ,,24th March,Chioma,,Not yet implemented,,,
,,,,,,,,,,,,,
,,,,,,,,,,,,,
Regulatory Reporting,Generate Regulatory Reports,"As an admin/compliance officer, I want to generate regulatory reports so that the institution can meet regulatory obligations.","Admin selects report type and reporting period, and the system generates the report based on system data.",,Awesome,,28th March,Chioma,,Not yet implemented,,,
Regulatory Reporting,View Regulatory Reports,"As an admin/compliance officer, I want to view generated regulatory reports so that I can review information before submission.","System displays report details including report name, reporting period, generation date, and status.",,Awesome,,28th March,Chioma,,Not yet implemented,,,
Regulatory Reporting,Export Regulatory Reports,"As an admin/compliance officer, I want to export regulatory reports so that they can be submitted to regulators or archived.","Admin clicks Export and the system downloads the report in Excel, CSV, or PDF format.",,Awesome,,28th March,Chioma,,Not yet implemented,,,
Regulatory Reporting,Schedule Regulatory Reports,"As an admin/compliance officer, I want to schedule periodic regulatory reports so that reports are generated automatically.","Admin configures daily, weekly, monthly, or quarterly schedules, and the system generates reports automatically.",,Awesome,,28th March,Chioma,,Not yet implemented,,,
Regulatory Reporting,Submit Reports to Regulator,"As an admin/compliance officer, I want to submit regulatory reports to the regulator so that the organization remains compliant.","Admin reviews report and submits it. System logs submission date, user, and status.",,Awesome,,28th March,Chioma,,Not yet implemented,,,
Regulatory Reporting,Approve Regulatory Reports,"As an approver, I want to review regulatory reports before submission so that only verified data is sent to regulators.","Generated reports appear in the authorization queue, and approver can approve or reject them.",,Awesome,,28th March,Chioma,,Not yet implemented,,,
Regulatory Reporting,Maintain Reporting Templates,"As an admin, I want to configure regulatory report templates so that the system generates reports according to regulatory requirements.",Admin can create or update report templates and field mappings. Changes require maker–checker approval.,,Awesome,,28th March,Chioma,,Not yet implemented,,,
Regulatory Reporting,Audit Trail for Reports,"As an admin/compliance officer, I want an audit trail for regulatory reports so that reporting activities are traceable.","System logs report generation, modification, approval, export, and submission activities.",,Awesome,,28th March,Chioma,,Not yet implemented,,,
,,,,,,,,,,,,,
Internal Reporting,Generate Internal Reports,"As an admin or management user, I want to generate internal reports so that I can monitor the institution’s operational and financial performance.","User selects report type and reporting period, and the system generates the report using system data.",,Awesome,,28th March,Chioma,,Not yet implemented,,,
Internal Reporting,View Internal Reports,"As an admin or management user, I want to view generated internal reports so that I can review business performance and operations.","System displays report name, reporting period, generation date, and report details.",,Awesome,,28th March,Chioma,,Not yet implemented,,,
Internal Reporting,Export Internal Reports,"As an admin or management user, I want to export internal reports so that I can share them with management or store them for record keeping.","User clicks Export and the system downloads the report in Excel, CSV, or PDF format.",,Awesome,,28th March,Chioma,,Not yet implemented,,,
Internal Reporting,Schedule Internal Reports,"As an admin, I want to schedule internal reports so that reports are automatically generated at defined intervals.","Admin configures daily, weekly, or monthly report schedules, and the system generates reports automatically.",,Awesome,,28th March,Chioma,,Not yet implemented,,,
Internal Reporting,Filter Reports,"As an admin or management user, I want to filter reports by date, product, or branch so that I can analyze specific operational data.","User applies filters such as date range, account type, branch, or transaction type, and the system displays filtered results.",,Awesome,,28th March,Chioma,,Not yet implemented,,,
Internal Reporting,Dashboard Reporting,"As management, I want dashboard summaries of internal reports so that I can quickly monitor key business metrics.","System displays visual summaries such as total transactions, account balances, loan portfolio, and revenue.",,Awesome,,28th March,Chioma,,Not yet implemented,,,
Internal Reporting,Approve Internal Reports,"As a senior admin or manager, I want to approve internally generated reports so that validated reports are used for decision making.","Reports appear in an authorization queue, and the approver can approve or reject them.",,Awesome,,28th March,Chioma,,Not yet implemented,,,
Internal Reporting,Audit Trail for Reports,"As an admin, I want an audit trail of report activities so that report generation and access are traceable.","System logs report generation, export, modification, and approval activities with user and timestamp.",,Awesome,,28th March,Chioma,,Not yet implemented,,,
,,,,,,,,,,,,,
Investment Management,Create Investment Product,"As an admin initiator, I want to create investment products so that customers can invest in different financial opportunities.","System provides a creation form. Upon submission, the product is set to PENDING and sent to the authorization queue for a checker to review.","Product Name, Investment Type (Fixed/Flexible), Min. Amount, Interest Rate (%), Tenor (Days/Months), Terms & Conditions",Awesome,,2nd April,Awesome,,Investment module has not been created yet.,,,
Investment Management,View Investment Products,"As an admin, I want to view all available investment products so that I can manage and monitor them.",A centralized table displaying all configured products. Must include status indicators (Active/Inactive/Pending) and a View action for details.,"Product Name, Investment Type, Return Rate, Tenor, Min. Investment, Status, Creation Date",Awesome,,2nd April,Awesome,,Investment module has not been created yet.,,,
Investment Management,Activate / Deactivate Product,"As an admin initiator, I want to activate or deactivate a product so that only approved products are available to customers.",Changing the status of a live product triggers a Status Change Request. This request remains pending until approved by a different admin (Checker).,"Current Status, Target Status, Reason for Change, Initiator Email",Awesome,,2nd April,Awesome,,Investment module has not been created yet.,,,
Investment Management,Product Approval (Maker-Checker),"As an admin approver, I want to review product configurations before they go live so that only validated products are offered.",The checker can view pending products in the Authorization Queue. They must be able to Approve (Go Live) or Reject (Return to Draft) with remarks.,"Approver Remarks, Decision (Approve/Reject), Approval Timestamp",Awesome,,2nd April,Awesome,,Investment module has not been created yet.,,,
Investment Management,View Customer Investments,"As an admin, I want to view all customer investments so that I can track investment activity on the platform.",A master list of all active and past placements. Includes filters for Product Type and Maturity Date to track upcoming payouts.,"Customer Name, Account Number, Product Name, Amount Invested, Investment Date, Maturity Date, Current Status",Awesome,,2nd April,Awesome,,Investment module has not been created yet.,,,
Investment Management,Process Investment Placement,"As a system, I want to process customer placements so that invested funds are allocated correctly.","When a customer confirms an investment, the system must debit the source account/wallet and create a corresponding entry in the Investment Ledger.","Transaction Ref, Debit Amount, Source Account, Value Date, Investment ID",Awesome,,2nd April,Awesome,,Investment module has not been created yet.,,,
Investment Management,Calculate Investment Returns,"As a system, I want to calculate returns so that customers receive the correct profit or interest.",The system's cron job must calculate accrued interest daily or at the end of the tenor based on the configured rate (Simple or Compound).,"Accrued Interest, Last Calculation Date, Total Expected Return",Awesome,,2nd April,Awesome,,Investment module has not been created yet.,,,
Investment Management,Process Investment Maturity,"As a system/admin, I want to process matured investments so that customers receive their principal and returns.","On the maturity date, the system automatically credits the customer's linked account with the total (Principal + Interest) and marks the status as MATURED.","Settlement Amount, Settlement Date, Destination Account, Final Status",Awesome,,2nd April,Awesome,,Investment module has not been created yet.,,,
Investment Management,Early Investment Withdrawal,"As an admin, I want to process early withdrawal requests so that customers can exit investments before maturity.","System calculates and applies penalties (e.g., forfeiture of interest or % of principal) as per the product terms before releasing the remaining funds.","Penalty Amount, Net Payout, Original Tenor, Days Spent, Liquidation Date",Awesome,,2nd April,Awesome,,Investment module has not been created yet.,,,
Investment Management,Investment Reporting & Export,"As an admin, I want to generate reports on performance so that I can monitor portfolio growth and returns.",Provide an Export button for the investment list. Reports should include totals for active investments vs. matured payouts for reconciliation.,"Export Format (Excel/CSV), Date Range, Total Volume, Total Interest Paid",Awesome,,2nd April,Awesome,,Investment module has not been created yet.,,,
Investment Management,View Investment Management Page,"As an admin, I want to access the Investment Management page so that I can view and manage all investments in the system.","The system displays a table of all investments with search, filters, export, and pagination options.","Reference, Source Account Number, Investment Account Number, Booked Amount, Current Amount, Interest Rate",Awesome,,2nd April,Awesome,,Investment module has not been created yet.,,,
Investment Management,Search Investments,"As an admin, I want to search for investments so that I can quickly locate specific investment records.","The system allows searching by Reference, Source Account Number, or Investment Account Number. Results appear after clicking Search.","Search Keyword, Reference, Source Account Number, Investment Account Number",Awesome,,2nd April,Awesome,,Investment module has not been created yet.,,,
Investment Management,Filter Investments by Date,"As an admin, I want to filter investments by date so that I can view investments created within a specific time range.",Selecting Start Date and End Date and clicking Search returns filtered results. Clicking Clear resets the filters.,"Start Date, End Date",Awesome,,2nd April,Awesome,,Investment module has not been created yet.,,,
Investment Management,Create Investment Placement,"As an admin initiator, I want to create a new investment placement so that customer funds can be invested in a selected product.","Clicking Create Investment opens a form. After submission, the request is sent to the authorization queue for approval before processing.","Source Account Number, Investment Product, Amount, Interest Rate, Tenor, Start Date, End Date",Awesome,,2nd April,Awesome,,Investment module has not been created yet.,,,
Investment Management,Request Investment Certificate,"As an admin, I want to generate an investment certificate so that customers can obtain proof of their investment.",Clicking Request Certificate generates a downloadable certificate linked to a specific investment reference.,"Investment Reference, Customer Name, Account Number, Product Name, Investment Amount, Interest Rate, Maturity Date",Awesome,,2nd April,Awesome,,Investment module has not been created yet.,,,
Investment Management,Pagination for Investment Records,"As an admin, I want to navigate through pages of investment records so that I can view large numbers of investments easily.",The system provides Previous and Next buttons and allows selecting the number of records per page.,"Page Number, Records Per Page",Awesome,,2nd April,Awesome,,Investment module has not been created yet.,,,
Investment Management,View Investment Details,"As an admin, I want to view detailed information about a specific investment so that I can review its financial and lifecycle details.",Selecting a record opens the investment detail view showing complete investment information and status.,"Investment Reference, Customer Name, Account Number, Product Name, Booked Amount, Current Amount, Interest Rate, Start Date, Maturity Date, Status",Awesome,,2nd April,Awesome,,Investment module has not been created yet.,,,
,,,,,,,,,,,,,
Loan Management,Loan Analytics Dashboard,"As a loan admin, I want to view loan analytics so that I can monitor loan portfolio performance and risk levels.","System displays key loan metrics such as total loans issued, outstanding balances, repayment performance, and default rates.","Total Loans, Active Loans, Total Disbursed Amount, Outstanding Balance, Default Rate, Repayment Rate",Awesome,6th April,2nd April,Awesome,,"No outstanding balances, total loans, repayment performance and default payment rates metrics.",,,
Loan Management,View All Loans,"As a loan admin, I want to view all loans in the system so that I can monitor loan activity and track borrower repayment status.","System provides a centralized table showing all loans with search, filter, and pagination capabilities.","Loan ID, Customer Name, Loan Product, Loan Amount, Disbursed Amount, Outstanding Balance, Loan Status, Start Date",Awesome,6th April,2nd April,Awesome,,"No customer name, disbursed amount and oustanding balance",,,
Loan Management,Search Loans,"As a loan admin, I want to search loans so that I can quickly find specific loan records.","The system allows searching by loan ID, customer name, or account number.","Loan ID, Customer Name, Account Number",Awesome,6th April,2nd April,Awesome,,"The system only allows search by loan id, email address and account number and account number search does not return any result.",,,
Loan Management,Filter Loans,"As a loan admin, I want to filter loans by status or date so that I can analyze specific loan categories.","System allows filtering by loan status (Pending, Approved, Disbursed, Overdue, Closed) and date range.","Loan Status, Start Date, End Date",Awesome,6th April,2nd April,Awesome,,"Admins can filter by status, but not by date.",,,
Loan Management,View Pending Loans,"As a loan approver, I want to see pending loan applications so that I can review and approve or reject them.",System lists all pending loans awaiting approval. Approver can approve or reject with remarks.,"Loan ID, Customer Name, Loan Amount, Requested Tenor, Application Date, Status",Awesome,,2nd April,Awesome,,,,,
Loan Management,Approve / Reject Loan,"As a loan admin, I want to approve or reject loan applications so that only qualified borrowers receive loans.",Admin reviews loan details and selects approve or reject. Approved loans move to disbursement stage.,"Decision (Approve/Reject), Approval Remarks, Approval Date",Awesome,6th April,2nd April,Awesome,,"Endpoint to approve loan request for pending request is returning a 403 error. Also, there is no provision for the approver to include remarkes before approving or declining a request.",,,
Loan Management,Loan Disbursement,"As a loan admin, I want to disburse approved loans so that borrowers receive the approved funds.",System transfers funds to the borrower's account after approval and records the disbursement transaction.,"Loan ID, Customer Name, Disbursement Amount, Disbursement Date, Destination Account",Awesome,13th April,2nd April,Awesome,,To be tested,,,
Loan Management,View Loan Details,"As a loan admin, I want to view detailed loan information so that I can monitor repayment schedules and balances.",Selecting a loan record displays loan details including repayment schedule and outstanding balance.,"Loan ID, Customer Name, Loan Amount, Interest Rate, Tenor, Repayment Schedule, Outstanding Balance",Awesome,6th April,2nd April,Awesome,,Selecting a loan record does not display outstanding balance or repayment schedule.,,,
Loan Management,Manage Loan Administrators,"As a system administrator, I want to manage loan administrators so that authorized personnel can manage loan operations.","Admin can create, edit, or deactivate loan admin accounts and assign permissions.","Admin Name, Email Address, Role, Status",Awesome,13th April,2nd April,Awesome,,"Clicking on Loan Admins on the sidebar returns a ""Failed to send OTP"" error.",,,
Loan Management,Loan Settings Configuration,"As a system admin, I want to configure loan settings so that loan policies and rules can be defined.","Admin can configure interest rates, penalty rules, loan limits, and repayment settings.","Loan Product Name, Interest Rate, Minimum Loan Amount, Maximum Loan Amount, Repayment Frequency, Penalty Rate",Awesome,13th April,2nd April,Awesome,,All the settings listed do not currently exist under the Loan Settings page. ,,,
Loan Management,Track Loan Repayments,"As a loan admin, I want to track loan repayments so that I can monitor borrower payment behaviour.",System records repayment transactions and updates outstanding balances automatically.,"Loan ID, Repayment Amount, Payment Date, Remaining Balance",Awesome,13th April,2nd April,Awesome,,There is no page/system to track loan repayments.,,,
Loan Management,Loan Reporting & Export,"As a loan admin, I want to export loan reports so that I can analyze loan performance and share reports externally.",System allows exporting loan data in Excel/CSV format with filters applied.,"Export Format, Date Range, Total Loans, Total Outstanding Amount",Awesome,13th April,2nd April,Awesome,,There is no button to export any loan information.,,,
,,,,,,,,,,,,,
Expense Management,Expense Dashboard,"As a finance admin, I want to view an expense dashboard so that I can monitor organizational spending.","System displays total expenses, pending approvals, approved expenses, and monthly spending trends.","Total Expenses, Pending Expenses, Approved Expenses, Expense Category, Date Range",Awesome,,6th  April,Awesome,,Expense Management module has not been created yet.,,,
Expense Management,Create Expense Request,"As a staff/admin, I want to submit an expense request so that operational costs can be recorded and reimbursed.","System provides an expense submission form. After submission, the expense request is sent to the authorization queue for approval.","Expense Title, Expense Category, Amount, Description, Expense Date, Supporting Document",Awesome,,6th  April,Awesome,,Expense Management module has not been created yet.,,,
Expense Management,View All Expenses,"As a finance admin, I want to view all expense records so that I can track and manage operational spending.","System displays a centralized list of all expenses with filters, search, and pagination.","Expense ID, Expense Title, Category, Amount, Submitted By, Date Submitted, Status",Awesome,,6th  April,Awesome,,Expense Management module has not been created yet.,,,
Expense Management,Search Expenses,"As a finance admin, I want to search expenses so that I can quickly locate specific expense records.","System allows searching by expense ID, category, staff name, or description.","Expense ID, Category, Staff Name",Awesome,,6th  April,Awesome,,Expense Management module has not been created yet.,,,
Expense Management,Filter Expenses,"As a finance admin, I want to filter expenses by category or date so that I can analyze spending patterns.","System allows filtering by category, status, and date range.","Category, Expense Status, Start Date, End Date",Awesome,,6th  April,Awesome,,Expense Management module has not been created yet.,,,
Expense Management,Expense Approval (Maker-Checker),"As a finance approver, I want to approve or reject expense requests so that only valid expenses are paid.",Expense requests appear in the authorization queue where approvers can approve or reject them with remarks.,"Expense ID, Decision (Approve/Reject), Approval Remarks, Approval Date",Awesome,,6th  April,Awesome,,Expense Management module has not been created yet.,,,
Expense Management,Process Expense Payment,"As a finance admin, I want to process approved expense payments so that staff or vendors receive reimbursement.","After approval, system records payment transaction and updates expense status to Paid.","Expense ID, Payment Amount, Payment Date, Payment Method, Payment Reference",Awesome,,6th  April,Awesome,,Expense Management module has not been created yet.,,,
Expense Management,Upload Supporting Documents,"As a staff/admin, I want to attach receipts or invoices so that expenses can be verified.","System allows uploading supporting files (PDF, Image). Files must be linked to the expense record.","File Name, File Type, Upload Date",Awesome,,6th  April,Awesome,,Expense Management module has not been created yet.,,,
Expense Management,Manage Expense Categories,"As a system admin, I want to configure expense categories so that expenses can be classified properly.","Admin can create, edit, or deactivate categories used when submitting expenses.","Category Name, Category Description, Status",Awesome,,6th  April,Awesome,,Expense Management module has not been created yet.,,,
Expense Management,Expense Reporting & Export,"As a finance admin, I want to generate expense reports so that I can analyze operational spending.",System allows exporting expense reports in Excel/CSV format with filters applied.,"Export Format, Date Range, Total Expenses, Category Breakdown",Awesome,,6th  April,Awesome,,Expense Management module has not been created yet.,,,
Expense Management,View Expense Details,"As a finance admin, I want to view detailed information about an expense so that I can audit or verify the record.",Selecting an expense record opens a detailed view showing all expense information and attachments.,"Expense ID, Title, Category, Amount, Description, Submitted By, Expense Date, Status",Awesome,,6th  April,Awesome,,Expense Management module has not been created yet.,,,
Expense Management,Pagination for Expense Records,"As a finance admin, I want to navigate through pages of expense records so that large datasets are easier to manage.",System provides page navigation controls and allows selection of records per page.,"Page Number, Records Per Page",Awesome,,6th  April,Awesome,,Expense Management module has not been created yet.,,,
,,,,,,,,,,,,,
Audit Trail Management,View Audit Dashboard,"As a system auditor, I want to view an audit dashboard so that I can monitor system activities and detect unusual behavior.","System displays summary metrics of admin and customer activities including login attempts, transactions performed, and system changes.","Total Activities, Admin Actions, Customer Actions, Failed Login Attempts, Date Range",Awesome ,,8th April,Awesome,,Audit Trail module has not been created yet.,,,
Audit Trail Management,View Admin Activity Logs,"As a system auditor, I want to view logs of all admin actions so that I can track changes made within the system.","System records and displays all admin actions such as product creation, approvals, account updates, and configuration changes.","Admin Name, Role, Action Performed, Module, Timestamp, IP Address",Awesome ,,8th April,Awesome,,Audit Trail module has not been created yet.,,,
Audit Trail Management,View Customer Activity Logs,"As a system auditor, I want to view logs of customer activities so that I can monitor customer transactions and interactions.","System records and displays all customer activities such as login, transfers, loan applications, and investment placements.","Customer Name, Account Number, Action Performed, Channel, Timestamp, IP Address",Awesome ,,8th April,Awesome,,Audit Trail module has not been created yet.,,,
Audit Trail Management,Search Audit Logs,"As a system auditor, I want to search audit logs so that I can quickly find specific system events.","System allows searching logs using keywords such as username, account number, or action type.","User Name, Account Number, Action Type",Awesome ,,8th April,Awesome,,Audit Trail module has not been created yet.,,,
Audit Trail Management,Filter Audit Logs,"As a system auditor, I want to filter logs by module or date so that I can analyze specific system activities.","System allows filtering by module, user type (Admin/Customer), action type, and date range.","Module Name, User Type, Action Type, Start Date, End Date",Awesome ,,8th April,Awesome,,Audit Trail module has not been created yet.,,,
Audit Trail Management,View Audit Log Details,"As a system auditor, I want to view detailed information about a logged event so that I can understand exactly what action occurred.",Selecting a log entry displays full details of the event including user information and action metadata.,"User ID, User Name, Action, Module, Before Value, After Value, Timestamp",Awesome ,,8th April,Awesome,,Audit Trail module has not been created yet.,,,
Audit Trail Management,Export Audit Logs,"As a system auditor, I want to export audit logs so that I can share them for compliance or investigation purposes.",System allows exporting filtered audit logs in Excel or CSV format.,"Export Format, Date Range, Module, Total Records",Awesome ,,8th April,Awesome,,Audit Trail module has not been created yet.,,,
Audit Trail Management,Track Login Activities,"As a security admin, I want to track login and logout activities so that I can detect unauthorized system access.",System records successful and failed login attempts for both admin and customers.,"User Name, Login Status, Timestamp, IP Address, Device Type",Awesome ,,8th April,Awesome,,Audit Trail module has not been created yet.,,,
Audit Trail Management,Monitor System Changes,"As a compliance officer, I want to track configuration changes so that system modifications are properly documented.",System logs configuration updates including who made the change and what values were modified.,"Admin Name, Module, Changed Field, Old Value, New Value, Timestamp",Awesome ,,8th April,Awesome,,Audit Trail module has not been created yet.,,,
Audit Trail Management,Pagination for Audit Logs,"As a system auditor, I want to navigate through pages of audit logs so that I can review large volumes of activity efficiently.",System provides page navigation controls and allows selecting records per page.,"Page Number, Records Per Page",Awesome ,,8th April,Awesome,,Audit Trail module has not been created yet.,,,
,,,,,,,,,,,,,
User Activity Log,View User Activity Logs,"As a system administrator, I want to view all user activities so that I can monitor actions performed in the system.",The system displays a centralized log of all user activities including both admin and customer actions.,"User Name, User Type (Admin/Customer), Action Performed, Module, Timestamp",Awesome ,,8th April,Awesome,,User Activity Log module has not been created yet.,,,
User Activity Log,View Admin Activity Logs,"As a system auditor, I want to view activities performed by admins so that I can track system changes and operations.","System records all administrative actions such as account updates, product configuration, approvals, and system settings changes.","Admin Name, Role, Module, Action Performed, Timestamp, IP Address",Awesome ,,8th April,Awesome,,User Activity Log module has not been created yet.,,,
User Activity Log,View Customer Activity Logs,"As a system auditor, I want to monitor customer activities so that I can review their interactions with the platform.","System logs customer activities such as login attempts, transfers, loan applications, and investment placements.","Customer Name, Account Number, Action Performed, Channel (Web/Mobile), Timestamp",Awesome ,,8th April,Awesome,,User Activity Log module has not been created yet.,,,
User Activity Log,Search Activity Logs,"As an administrator, I want to search activity logs so that I can quickly locate specific user actions.","The system allows searching logs using keywords such as username, account number, or activity type.","User Name, Account Number, Activity Type",Awesome ,,8th April,Awesome,,User Activity Log module has not been created yet.,,,
User Activity Log,Filter Activity Logs,"As an administrator, I want to filter logs by module, user type, or date so that I can analyze specific activities.","The system provides filters for module name, user type, action type, and date range.","Module Name, User Type, Action Type, Start Date, End Date",Awesome ,,8th April,Awesome,,User Activity Log module has not been created yet.,,,
User Activity Log,View Activity Details,"As a system auditor, I want to view detailed information about a user activity so that I can investigate system events.",Clicking a log entry displays detailed activity information including before and after values (where applicable).,"User ID, User Name, Module, Action, Before Value, After Value, Timestamp",Awesome ,,8th April,Awesome,,User Activity Log module has not been created yet.,,,
User Activity Log,Track Login Activities,"As a security administrator, I want to monitor login attempts so that I can detect unauthorized access attempts.",The system logs successful and failed login attempts for both admin and customers.,"User Name, Login Status, Timestamp, IP Address, Device Type",Awesome ,,8th April,Awesome,,User Activity Log module has not been created yet.,,,
User Activity Log,Export Activity Logs,"As a compliance officer, I want to export activity logs so that they can be used for audits or investigations.",The system allows exporting logs in Excel or CSV format based on selected filters.,"Export Format, Date Range, Module, Total Records",Awesome ,,8th April,Awesome,,User Activity Log module has not been created yet.,,,
User Activity Log,Pagination for Activity Logs,"As a system admin, I want to navigate through pages of activity logs so that I can efficiently review large volumes of records.",The system provides pagination controls and record-per-page selection.,"Page Number, Records Per Page",Awesome ,,8th April,Awesome,,User Activity Log module has not been created yet.,,,
,,,,,,,,,,,,,
Approval Management,View Approval Dashboard,"As an approver, I want to view pending approval requests so that I can quickly identify actions requiring my authorization.","The system displays a dashboard summarizing pending, approved, and rejected requests across all modules.","Total Pending Requests, Approved Requests, Rejected Requests, Module Name, Date Range",Kelvin ,"18th May, 2026",6th April,Tolu,,Not yet implemented ,,,
Approval Management,View Pending Approvals,"As an approver, I want to view all pending requests so that I can review and take action on them.",The system displays a centralized list of all requests awaiting approval from different modules.,"Request ID, Module Name, Request Type, Initiator Name, Request Date, Status",Kelvin ,"18th May, 2026",6th April,Tolu,,Not yet implemented ,,,
Approval Management,Review Approval Request,"As an approver, I want to review the details of a request so that I can make an informed decision.",Selecting a request opens a detailed view showing the original request data and any modifications made.,"Request ID, Module, Initiator, Request Details, Submitted Date",Kelvin ,"18th May, 2026",6th April,Tolu,,Not yet implemented ,,,
Approval Management,Approve Request,"As an approver, I want to approve valid requests so that system actions can proceed.","When the approver clicks Approve, the request status changes to Approved, and the action is executed in the respective module.","Decision (Approve), Approval Remarks, Approver Name, Approval Timestamp",Kelvin ,"18th May, 2026",6th April,Tolu,,Not yet implemented ,,,
Approval Management,Reject Request,"As an approver, I want to reject invalid or incorrect requests so that incorrect system actions are prevented.","When Reject is selected, the request is marked Rejected and returned to the initiator with remarks.","Decision (Reject), Rejection Reason, Approver Name, Rejection Timestamp",Kelvin ,"18th May, 2026",6th April,Tolu,,Not yet implemented ,,,
Approval Management,View Approval History,"As an admin, I want to view approval history so that I can track past approval decisions.",The system stores and displays historical records of approved and rejected requests.,"Request ID, Module, Initiator, Decision, Approver Name, Decision Date",Kelvin ,"18th May, 2026",6th April,Tolu,,Not yet implemented ,,,
Approval Management,Search Approval Requests,"As an approver, I want to search approval requests so that I can quickly locate specific requests.","System allows searching by request ID, module name, or initiator.","Request ID, Module Name, Initiator Name",Kelvin ,"18th May, 2026",6th April,Tolu,,Not yet implemented ,,,
Approval Management,Filter Approval Requests,"As an approver, I want to filter requests by module or status so that I can focus on relevant approvals.","System provides filters for module name, request type, status, and date range.","Module Name, Request Status, Start Date, End Date",Kelvin ,"18th May, 2026",6th April,Tolu,,Not yet implemented ,,,
Approval Management,View Request Details,"As an approver, I want to see before-and-after values for modified data so that I can verify the requested changes.",System displays old values and new values for any modified fields.,"Field Name, Old Value, New Value, Requested Change",Kelvin ,"18th May, 2026",6th April,Tolu,,Not yet implemented ,,,
Approval Management,Export Approval Logs,"As a compliance officer, I want to export approval records so that they can be used for audit or reporting purposes.",System allows exporting approval logs in Excel or CSV format.,"Export Format, Date Range, Total Requests",Kelvin ,"18th May, 2026",6th April,Tolu,,Not yet implemented ,,,
,,,,,,,,,,,,,
Treasury ,Treasury Dashboard,"As a treasury officer, I want to view the treasury dashboard so that I can monitor the bank’s liquidity and financial positions.","The system displays total liquidity, cash balances, interbank positions, and treasury transactions.","Total Liquidity, Cash Position, Interbank Balance, Date",Kelvin ,"29th May, 2026",6th April,Tolu,,Not yet implemented ,,,
Treasury ,View Treasury Accounts,"As a treasury officer, I want to view all treasury accounts so that I can monitor balances across settlement and liquidity accounts.",The system displays a list of all treasury accounts with their current balances and status.,"Account Name, Account Number, Currency, Available Balance, Status",Kelvin ,"29th May, 2026",6th April,Tolu,,Not yet implemented ,,,
Treasury ,Manage Liquidity Transfers,"As a treasury officer, I want to transfer funds between treasury accounts so that liquidity can be balanced across the bank.",The system allows internal transfers between treasury accounts. Transactions must follow the maker-checker approval process.,"Transfer Reference, Source Account, Destination Account, Amount, Value Date",Kelvin ,"29th May, 2026",6th April,Tolu,,Not yet implemented ,,,
Treasury ,Interbank Transfers,"As a treasury officer, I want to perform interbank transfers so that funds can be moved between financial institutions.",The system records and processes interbank transfer requests subject to approval.,"Transfer Reference, Sending Bank, Receiving Bank, Amount, Currency, Transaction Date",Kelvin ,"29th May, 2026",6th April,Tolu,,Not yet implemented ,,,
Treasury ,Cash Position Monitoring,"As a treasury officer, I want to monitor daily cash positions so that I can manage liquidity risk.","The system displays opening balance, inflows, outflows, and closing balance for treasury accounts.","Opening Balance, Total Inflows, Total Outflows, Closing Balance, Date",Kelvin ,"29th May, 2026",6th April,Tolu,,Not yet implemented ,,,
Treasury ,Treasury Transaction History,"As a treasury officer, I want to view past treasury transactions so that I can track financial movements.",The system displays a transaction history list with filters and search functionality.,"Transaction Reference, Transaction Type, Amount, Account, Date, Status",Kelvin ,"29th May, 2026",6th April,Tolu,,Not yet implemented ,,,
Treasury ,Treasury Transaction Approval,"As a treasury approver, I want to approve treasury transactions so that high-value transfers are properly authorized.",Treasury transactions initiated by a maker must be approved by a checker before execution.,"Request ID, Initiator, Transaction Type, Amount, Approval Status",Kelvin ,"29th May, 2026",6th April,Tolu,,Not yet implemented ,,,
Treasury ,Treasury Limits Configuration,"As a treasury admin, I want to configure transaction limits so that treasury operations stay within defined risk thresholds.","Admin can define daily transfer limits, approval thresholds, and transaction caps.","Limit Type, Maximum Amount, Currency, Effective Date",Kelvin ,"29th May, 2026",6th April,Tolu,,Not yet implemented ,,,
Treasury ,Treasury Reporting,"As a treasury officer, I want to generate treasury reports so that management can review liquidity and financial performance.",The system allows generating treasury reports with filters and exporting them in Excel or CSV.,"Report Type, Date Range, Total Transactions, Total Amount",Kelvin ,"29th May, 2026",6th April,Tolu,,Not yet implemented ,,,
Treasury ,Export Treasury Transactions,"As a treasury officer, I want to export treasury transaction data so that it can be shared with finance or auditors.",The system allows exporting filtered treasury transaction records.,"Export Format (Excel/CSV), Date Range, Total Records",Kelvin ,"29th May, 2026",6th April,Tolu,,Not yet implemented ,,,
Treasury ,Search Treasury Transactions,"As a treasury officer, I want to search treasury transactions so that I can quickly locate specific records.","The system allows searching using transaction reference, account number, or transaction type.","Transaction Reference, Account Number, Transaction Type",Kelvin ,"29th May, 2026",6th April,Tolu,,Not yet implemented ,,,
Treasury ,View Treasury Transaction Details,"As a treasury officer, I want to view detailed transaction information so that I can review the full context of treasury operations.",Clicking a record opens detailed transaction information including approvals and timestamps.,"Transaction Reference, Initiator, Amount, Currency, Approval Status, Timestamp",Kelvin ,"29th May, 2026",6th April,Tolu,,Not yet implemented ,,,
,,,,,,,,,,,,,
B2B Products,View B2B Products,"As an admin, I want to view all B2B products so that I can manage services available to businesses.","System displays a centralized list of all products with summary statistics (Total, Active, Inactive).","Product Name, Product Code, Description, Status, Created Date",Awesome,30th March,23rd March,Awesome,,Include a column for Created Date for products,,,
B2B Products,Product Statistics,"As an admin, I want to view the total number of products and their status so that I can quickly understand product availability.",System displays product summary metrics at the top of the page.,"Total Products, Active Products, Inactive Products",Awesome,,23rd March,Awesome,,,,,
B2B Products,Create Product,"As an admin, I want to create new B2B products so that the bank can introduce new services to business customers.",Admin fills a product creation form and saves it. Product becomes Active immediately since no maker-checker is required.,"Product Name, Product Code, Description, Status",Awesome,,23rd March,Awesome,,,,,
B2B Products,Edit Product,"As an admin, I want to edit existing product details so that product information can be updated when needed.",Admin selects Edit from the product actions menu. System loads existing product data for modification and saves changes instantly.,"Product Name, Product Code, Description, Status",Awesome,,23rd March,Awesome,,,,,
B2B Products,Activate / Deactivate Product,"As an admin, I want to enable or disable a product so that I can control whether the service is available to users.",Admin toggles the Active switch to activate or deactivate the product immediately.,"Product Name, Current Status, Updated Date",Awesome,,23rd March,Awesome,,,,,
B2B Products,Manage Product Pricing,"As an admin, I want to configure pricing for each product so that the correct transaction fees or commissions are applied.",Admin can define fee structures for products such as fixed fees or percentage charges. Changes are saved and applied immediately.,"Product Name, Pricing Type (Fixed/Percentage), Fee Amount, Currency, Effective Date",Awesome,,23rd March,Awesome,,,,,
B2B Products,View Product Transactions,"As an admin, I want to view transactions related to a product so that I can monitor product usage and activity.",Selecting View Transactions displays all transactions associated with the selected product with search and filters.,"Transaction ID, Product Name, Customer ID, Transaction Amount, Transaction Date, Status",Awesome,30th March,23rd March,Awesome,,"This has been implemented, but there are no transactions reflecting for any product so it's a partial pass.",,,
B2B Products,Delete Product,"As an admin, I want to delete unused products so that obsolete products can be removed from the system.",Admin can delete products that have no active dependencies. System requires confirmation before deletion.,"Product Name, Product Code, Deleted By, Deletion Date",Awesome,30th March,23rd March,Awesome,,"The request goes through, but the product is not deleted from the system.",,,
B2B Products,Search Products,"As an admin, I want to search products so that I can quickly find a specific product.",System allows searching using product name or product code.,"Product Name, Product Code",Awesome,30th March,23rd March,Awesome,,"The search function does not search the entire system for products matching the product name, it only searches the current page. This gives a false representation of the products. Also, admin cannot search by product code.",,,
B2B Products,Pagination for Product List,"As an admin, I want to navigate through product pages so that I can view large product lists efficiently.",System displays page navigation controls and record count.,"Page Number, Records Per Page",Awesome,,23rd March,Awesome,,,,,
B2B Products,View Product Details,"As an admin, I want to view detailed information about a product so that I can review configuration and pricing.",Clicking a product displays full product information and pricing configuration.,"Product Name, Product Code, Description, Pricing Details, Status",Awesome,30th March,23rd March,Awesome,,There is no page to view the full details about a product in a single page.,,,
B2B Registered Merchant,View Registered Merchants,"As an admin, I want to view all registered merchants so that I can monitor business accounts on the platform.","System displays list of registered businesses. Admin can search, filter, and export merchant records.","Company Name, Account Holder, Phone Number, Email, Status, Client ID",Awesome,,23rd March,Awesome,,,,,
B2B Registered Merchant,Export Merchant Data,"As an admin, I want to export merchant records so that I can analyze merchant data offline.",Admin can export merchant records as Excel or PDF.,Export File,Awesome,,23rd March,Awesome,,,,,
B2B Registered Merchant,Onboard New Business,"As an admin, I want to onboard a new business merchant so that the merchant can start using B2B services.","Admin clicks Onboard New Business, selects merchant, fills company details, adds IP whitelist, and submits the form.","Merchant Name, Company Name, Email, Phone, Address, Waya Account Number, Merchant ID, Webhook URL",Awesome,,23rd March,Awesome,,,,,
B2B Registered Merchant,Add IP Whitelist,"As an admin, I want to whitelist merchant IP addresses so that only trusted systems can access the merchant API.",Admin can add multiple IP addresses. System validates format and allows removal before submission.,IP Address,Awesome,30th March,23rd March,Awesome,,The format of IP addresses are not being validated.,,,
B2B Registered Merchant,Merchant Profile Dashboard,"As an admin, I want to view a merchant profile dashboard so that I can monitor merchant status and configuration.","Dashboard displays merchant metrics including subscribed products, merchant status, whitelisted IPs, team members, and bulk transfer limit.","Merchant Name, Email, Subscribed Products, Merchant Status, Whitelisted IPs, Team Members, Bulk Transfer Limit",Awesome,,23rd March,Awesome,,,,,
B2B Registered Merchant,View Business Information,"As an admin, I want to view merchant business information so that I can verify company details.",System displays merchant business details in the Business Information section.,"Business Name, Waya Account Number, Business Email, Business Phone, Address, Account Holder Name, Date Created",Awesome,,23rd March,Awesome,,,,,
B2B Registered Merchant,Manage Team Members,"As an admin, I want to manage B2B merchant team members so that merchants can assign roles to their staff.",Admin can add team members to merchant profile. Each member has role and status.,"Name, Email, Role, Status",Awesome,30th March,23rd March,Awesome,,The page has been built but it is not functional yet.,,,
B2B Registered Merchant,Add Team Member,"As an admin, I want to add a team member to a merchant account so that multiple users can access the merchant portal.","Admin clicks Add Member, enters user details, and assigns role.","Name, Email, Role",Awesome,30th March,23rd March,Awesome,,The page has been built but it is not functional yet.,,,
B2B Registered Merchant,Manage API Keys,"As an admin, I want to manage merchant API keys so that merchants can integrate with the platform securely.","Admin can generate, view, and revoke API keys linked to the merchant account.","API Key, Status, Created Date",Awesome,30th March,23rd March,Awesome,,"Admins can generate and regenerate API keys for merchants, but they can't revoke an existing key. ",,,
B2B Registered Merchant,Manage IP Addresses,"As an admin, I want to view and manage whitelisted IP addresses so that merchant integrations remain secure.",System displays all IP addresses linked to the merchant. Admin can add or remove IP addresses.,"IP Address, Created Date",Awesome,30th March,23rd March,Awesome,,"There is no indication of ""Created Date"" for IP Addresses",,,
B2B Registered Merchant,Merchant Product Subscription,"As an admin, I want to view merchant subscribed products so that I know which services the merchant uses.",System displays list of products enabled for the merchant account.,"Product Name, Status",Awesome,,23rd March,Awesome,,,,,
,,,,,,,,,,,,,
Fixed Asset,View Asset Dashboard,"As a finance admin, I want to view a summary of fixed assets so that I can monitor the total assets owned by the organization.","System displays summary statistics such as total assets, asset value, and number of asset types.","Total Assets, Total Asset Value, Asset Types, Last Updated Date",Awesome ,,10th April,Awesome,,The Fixed Asset module has not been created on the admin dashboard yet.,,,
Fixed Asset,View Fixed Asset Types,"As a finance admin, I want to view all fixed asset types so that assets can be categorized properly.","System displays a list of asset categories such as Vehicles, IT Equipment, Furniture, etc.","Asset Type Name, Description, Created Date",Awesome ,,10th April,Awesome,,The Fixed Asset module has not been created on the admin dashboard yet.,,,
Fixed Asset,Create Asset Type,"As a finance admin, I want to create asset types so that assets can be grouped into categories.",Admin fills the asset type form and saves it. The new type becomes available for asset creation.,"Asset Type Name, Description",Awesome ,,10th April,Awesome,,The Fixed Asset module has not been created on the admin dashboard yet.,,,
Fixed Asset,Edit Asset Type,"As a finance admin, I want to edit asset types so that category details can be updated.","Admin selects Edit, updates details, and saves changes immediately.","Asset Type Name, Description",Awesome ,,10th April,Awesome,,The Fixed Asset module has not been created on the admin dashboard yet.,,,
Fixed Asset,Delete Asset Type,"As a finance admin, I want to delete unused asset types so that obsolete categories are removed.",System allows deletion only if no assets are currently assigned to the asset type.,"Asset Type Name, Deleted By, Deletion Date",Awesome ,,10th April,Awesome,,The Fixed Asset module has not been created on the admin dashboard yet.,,,
Fixed Asset,Search Asset Types,"As a finance admin, I want to search asset types so that I can quickly find specific categories.",System allows searching by asset type name.,Asset Type Name,Awesome ,,10th April,Awesome,,The Fixed Asset module has not been created on the admin dashboard yet.,,,
Fixed Asset,View Fixed Assets,"As a finance admin, I want to view all fixed assets so that I can monitor organizational assets.","System displays a list of all assets with details such as asset type, value, and location.","Asset Name, Asset Type, Purchase Value, Purchase Date, Location, Status",Awesome ,,10th April,Awesome,,The Fixed Asset module has not been created on the admin dashboard yet.,,,
Fixed Asset,Register Fixed Asset,"As a finance admin, I want to register new assets so that newly acquired assets are recorded in the system.",Admin fills an asset registration form and saves the asset record.,"Asset Name, Asset Type, Serial Number, Purchase Value, Purchase Date, Location",Awesome ,,10th April,Awesome,,The Fixed Asset module has not been created on the admin dashboard yet.,,,
Fixed Asset,Edit Fixed Asset,"As a finance admin, I want to edit asset details so that asset information remains accurate.","Admin selects Edit, modifies asset details, and saves the update.","Asset Name, Asset Type, Purchase Value, Location, Status",Awesome ,,10th April,Awesome,,The Fixed Asset module has not been created on the admin dashboard yet.,,,
Fixed Asset,Asset Depreciation Tracking,"As a finance admin, I want to track asset depreciation so that the current value of assets can be calculated.",System automatically calculates depreciation based on configured depreciation method.,"Asset Value, Depreciation Rate, Current Value, Depreciation Method",Awesome ,,10th April,Awesome,,The Fixed Asset module has not been created on the admin dashboard yet.,,,
Fixed Asset,Dispose Asset,"As a finance admin, I want to mark assets as disposed so that retired or sold assets are removed from active inventory.","Admin can mark an asset as Disposed, recording disposal date and value.","Asset Name, Disposal Date, Disposal Value, Status",Awesome ,,10th April,Awesome,,The Fixed Asset module has not been created on the admin dashboard yet.,,,
Fixed Asset,View Asset Details,"As a finance admin, I want to view detailed asset information so that I can review full asset records.",Clicking an asset displays full asset details including purchase information and depreciation records.,"Asset Name, Asset Type, Purchase Value, Depreciation Value, Current Value",Awesome ,,10th April,Awesome,,The Fixed Asset module has not been created on the admin dashboard yet.,,,
Fixed Asset,Search Fixed Assets,"As a finance admin, I want to search assets so that I can quickly find specific assets.","System allows searching by asset name, serial number, or asset type.","Asset Name, Serial Number, Asset Type",Awesome ,,10th April,Awesome,,The Fixed Asset module has not been created on the admin dashboard yet.,,,
Fixed Asset,Export Asset List,"As a finance admin, I want to export the asset list so that asset records can be shared for financial reporting.",System allows exporting the asset list in Excel or CSV format.,"Export Format, Date Range, Total Assets",Awesome ,,10th April,Awesome,,The Fixed Asset module has not been created on the admin dashboard yet.,,,
,,,,,,,,,,,,,
Cash and Teller,Teller Dashboard,"As a teller, I want to view my cash summary so that I can track my daily transactions and balances.","System displays teller cash position including opening balance, deposits, withdrawals, and closing balance.","Teller Name, Opening Balance, Total Deposits, Total Withdrawals, Closing Balance",Kelvin,"8th June, 2026",8th April,Kelvin,,,,,
Cash and Teller,Process Withdrawal,"As a teller, I want to process customer withdrawals so that customers can withdraw cash from their accounts.",Teller enters account details and withdrawal amount. System validates account balance before processing transaction.,"Account Number, Customer Name, Withdrawal Amount, Transaction Date, Teller ID",Kelvin,"8th June, 2026",8th April,Kelvin,,,,,
Cash and Teller,View Withdrawal Transactions,"As a teller, I want to view withdrawal history so that I can track previous transactions.",System displays a list of withdrawal transactions with search and filters.,"Transaction ID, Account Number, Amount, Date, Status",Kelvin,"8th June, 2026",8th April,Kelvin,,,,,
Cash and Teller,Reverse Withdrawal,"As an admin, I want to reverse incorrect withdrawals so that errors can be corrected.",Admin selects the transaction and performs reversal after confirmation.,"Transaction ID, Reversal Reason, Reversal Date",Kelvin,"8th June, 2026",8th April,Kelvin,,,,,
Cash and Teller,Process Deposit,"As a teller, I want to process deposits so that customers can deposit funds into their accounts.",Teller enters deposit details and confirms transaction. System credits the customer account instantly.,"Account Number, Customer Name, Deposit Amount, Payment Method, Transaction Date",Kelvin,"8th June, 2026",8th April,Kelvin,,,,,
Cash and Teller,View Deposit Transactions,"As a teller, I want to view deposit history so that I can track completed deposits.",System displays deposit transactions with search and filters.,"Transaction ID, Account Number, Amount, Date, Status",Kelvin,"8th June, 2026",8th April,Kelvin,,,,,
Cash and Teller,Deposit Receipt,"As a teller, I want to generate deposit receipts so that customers have proof of their transaction.",System generates printable receipt after deposit completion.,"Transaction ID, Account Number, Amount, Date",Kelvin,"8th June, 2026",8th April,Kelvin,,,,,
Cash and Teller,Create Teller Profile,"As an admin, I want to create teller profiles so that staff can perform teller operations.",Admin creates teller accounts and assigns them to branches and tills.,"Teller Name, Employee ID, Branch, Assigned Till",Kelvin,"8th June, 2026",8th April,Kelvin,,,,,
Cash and Teller,View Tellers,"As an admin, I want to view all tellers so that I can manage teller accounts.",System displays a list of all tellers with their status and assigned tills.,"Teller Name, Branch, Till ID, Status",Kelvin,"8th June, 2026",8th April,Kelvin,,,,,
Cash and Teller,Activate / Deactivate Teller,"As an admin, I want to activate or deactivate teller accounts so that system access can be controlled.",Admin toggles teller status. Changes apply immediately.,"Teller Name, Status, Updated Date",Kelvin,"8th June, 2026",8th April,Kelvin,,,,,
Cash and Teller,Open Till,"As a teller, I want to open my till so that I can begin daily transactions.",Teller records opening cash balance before starting transactions.,"Teller Name, Till ID, Opening Balance, Opening Time",Kelvin,"8th June, 2026",8th April,Kelvin,,,,,
Cash and Teller,Close Till,"As a teller, I want to close my till so that the system reconciles daily transactions.",System calculates expected balance based on deposits and withdrawals.,"Till ID, Closing Balance, Closing Time",Kelvin,"8th June, 2026",8th April,Kelvin,,,,,
Cash and Teller,View Till Transactions,"As an admin, I want to view all till transactions so that I can monitor teller activities.",System displays all transactions performed through a specific till.,"Till ID, Transaction ID, Amount, Transaction Type, Date",Kelvin,"8th June, 2026",8th April,Kelvin,,,,,
Cash and Teller,View Vault Balance,"As a vault officer, I want to view vault balances so that I can track branch cash reserves.",System displays current vault balance and transaction history.,"Vault ID, Current Balance, Last Updated",Kelvin,"8th June, 2026",8th April,Kelvin,,,,,
Cash and Teller,Transfer Cash to Till,"As a vault officer, I want to transfer cash from the vault to teller tills so that tellers have enough funds for transactions.",Vault officer initiates transfer to teller till. Transaction is recorded in the system.,"Transfer ID, Vault ID, Till ID, Amount, Date",Kelvin,"12th June, 2026",8th April,Kelvin,,,,,
Cash and Teller,Receive Cash from Till,"As a vault officer, I want to receive excess cash from tills so that branch vault balances are maintained.",Teller transfers excess cash back to vault. System updates vault balance.,"Transfer ID, Till ID, Vault ID, Amount, Date",Kelvin,"12th June, 2026",8th April,Kelvin,,,,,
Cash and Teller,Record Cash Shortage,"As an admin, I want to record cash shortages so that discrepancies in teller balances are documented.",System records shortage amount and links it to teller reconciliation records.,"Teller Name, Till ID, Shortage Amount, Date, Reason",Kelvin,"12th June, 2026",8th April,Kelvin,,,,,
Cash and Teller,Record Cash Overage,"As an admin, I want to record cash overages so that excess cash can be documented.",System records overage amount during reconciliation.,"Teller Name, Till ID, Overage Amount, Date",Kelvin,"12th June, 2026",8th April,Kelvin,,,,,
Cash and Teller,Reconciliation Report,"As an admin, I want to view reconciliation reports so that teller discrepancies can be investigated.",System generates reports showing expected vs actual cash balances.,"Teller Name, Till ID, Expected Balance, Actual Balance, Difference",Kelvin,"12th June, 2026",8th April,Kelvin,,,,,
Cash and Teller,Export Reconciliation Report,"As an admin, I want to export reconciliation reports so that they can be shared with auditors.",System allows exporting reconciliation data in Excel or CSV format.,"Date Range, Teller Name, Total Discrepancy",Kelvin,"12th June, 2026",8th April,Kelvin,,,,,
,,,,,,,,,,,,,
Manage Card,Card Dashboard,"As an admin, I want to view card statistics so that I can monitor issued and active cards.","System displays summary metrics such as total cards issued, active cards, blocked cards, and pending activations.","Total Cards, Active Cards, Blocked Cards, Pending Activation",Awesome ,17th April,12th April,Chioma,,Not yet implemented ,,,
Manage Card,View Cards,"As an admin, I want to view all cards so that I can monitor card issuance and status.","System displays a list of cards including their status such as Pending, Approved, Cancelled, Rejected, and Failed.","Card PAN (Masked), Card Type, Product Type, Expiry Date, Status",Awesome ,,12th April,Chioma,,,,,
Manage Card,Create Card for User,"As an admin, I want to create a card on behalf of a user so that users can receive cards without initiating the request themselves.",Admin selects a user and creates a card request which enters the card processing workflow.,"User ID, Customer Name, Card Product Type, Card Type, Delivery Address",Awesome ,17th April,12th April,Chioma,,"Error displayed""Failed with some errors""",,,
Manage Card,Set Card Product Type,"As an admin, I want to set the card product type so that the correct card category is assigned.",Admin selects the card product type during card creation.,"Product Type (e.g. Debit, Prepaid, Virtual), Card Scheme",Awesome ,,12th April,Chioma,,,,,
Manage Card,Set Card Type,"As an admin, I want to define the card type so that the card can be issued according to the selected category.",Admin chooses the card type when creating the card.,Card Type (Virtual / Physical),Awesome ,,12th April,Chioma,,,,,
Manage Card,Configure Delivery Fees,"As an admin, I want to set delivery fees for cards so that users are charged correctly for card delivery.",Admin configures delivery fee and the fee is applied when card requests are created.,"Delivery Fee Amount, Currency",Awesome ,,12th April,Chioma,,,,,
Manage Card,Filter Cards,"As an admin, I want to filter cards so that I can quickly find cards based on status or card type.","System provides filters for card status, card type, product type, and date range.","Card Status, Product Type, Card Type",Awesome ,,12th April,Chioma,,,,,
Manage Card,Export Cards,"As an admin, I want to export card records so that I can share reports or perform analysis.",System allows exporting card data in Excel or CSV format.,"Export Format, Date Range",Awesome ,,12th April,Chioma,,,,,
Manage Card,Bulk Card Dashboard,"As an admin, I want to view bulk card statistics so that I can track card generation and assignment.","System displays summary metrics including total bulk cards, total assigned cards, total exported cards, and total pending cards.","Total Bulk Cards, Total Assigned Cards, Total Exported Cards, Total Pending Cards",Awesome ,,12th April,Chioma,,,,,
Manage Card,View Bulk Cards,"As an admin, I want to view all bulk cards so that I can track card inventory.",System displays a list of all cards generated in bulk batches.,"Card PAN, Card Type, Product Type, Expiry Date",Awesome ,,12th April,Chioma,,,,,
Manage Card,Generate Bulk Cards,"As an admin, I want to generate bulk cards so that multiple cards can be created simultaneously.",Admin generates bulk cards and the generation report is automatically sent to the WayaPayChat email.,"Batch ID, Total Cards Generated, Generation Date",Awesome ,,12th April,Chioma,,,,,
Manage Card,Approve Bulk Cards,"As an admin, I want to approve generated bulk cards so that they become available for assignment.",Bulk card batches must be approved before they can be assigned to users or marketers.,"Batch ID, Total Cards, Approval Status",Awesome ,,12th April,Chioma,,,,,
Manage Card,Export Bulk Cards,"As an admin, I want to export bulk card information so that card details can be accessed externally.",Admin exports bulk card data and the exported file is sent to the WayaPayChat email.,"Batch ID, Export Date, Total Cards",Awesome ,,12th April,Chioma,,,,,
Manage Card,Field Marketer Dashboard,"As an admin, I want to view field marketer statistics so that I can track marketer activity.",System displays the total number of active and inactive field marketers.,"Total Active Marketers, Total Inactive Marketers",Awesome ,,12th April,Chioma,,,,,
Manage Card,Create Field Marketer,"As an admin, I want to create field marketer accounts so that they can distribute cards.",Only an admin can create accounts for field marketers.,"Name, Email, Phone Number, Assigned Region",Awesome ,,12th April,Chioma,,,,,
Manage Card,View Field Marketers,"As an admin, I want to view all field marketers so that I can manage their information.",System displays a table listing all field marketers and their details.,"Name, Phone Number, Cards Assigned, Status",Awesome ,,12th April,Chioma,,,,,
Manage Card,Search Field Marketer,"As an admin, I want to search field marketers so that I can quickly locate a marketer.","System allows searching by User ID, Email, or Name.","User ID, Email, Name",Awesome ,17th April,12th April,Chioma,,It's not bringing up the searched  request,,,
Manage Card,Export Field Marketer List,"As an admin, I want to export field marketer records so that I can share marketer data.",Admin can export the marketer list in Excel or CSV format.,"Export Format, Date",Awesome ,,12th April,Chioma,,,,,
Manage Card,View Onboarded Users,"As an admin, I want to view users onboarded by field marketers so that I can track acquisition activities.",System displays the list of users onboarded by each marketer.,"Marketer Name, Customer Name, Onboarding Date",Awesome ,,12th April,Chioma,,,,,
Manage Card,Delete Field Marketer,"As an admin, I want to delete field marketer accounts so that inactive marketers can be removed.",Admin can delete marketer profiles after confirmation.,"Marketer Name, Deletion Date",Awesome ,17th April,12th April,Chioma,,"Error message displayed ""Access Denied""",,,
Manage Card,Deactivate Field Marketer,"As an admin, I want to deactivate marketers so that they cannot access the system when inactive.",Admin changes marketer status to inactive.,"Marketer Name, Status",Awesome ,17th April,12th April,Chioma,,It's not deactivating the field marketer even tho the button is clickable,,,
Manage Card,Update Marketer Information,"As an admin, I want to update marketer information so that their details remain accurate.",Admin edits marketer profile and saves the updated details.,"Name, Email, Phone Number",Awesome ,,12th April,Chioma,,,,,
Manage Card,Regenerate Password,"As an admin, I want to regenerate marketer passwords so that they can regain access to their accounts.",System generates a new password and sends it to the marketer's email.,"User ID, Email",Awesome ,,12th April,Chioma,,,,,
Manage Card,Resend OTP,"As an admin, I want to resend OTP so that marketers can complete account verification.",System sends a new OTP to the marketer’s registered contact details.,"User ID, Phone Number",Awesome ,,12th April,Chioma,,,,,
,,,,,,,,,,,,,
Waya Officials,Transfer Interceptor,"As an admin, I want to create and manage transfer interception rules so that high-risk or sensitive transfers can be verified before completion.","Admin can click Create Rule to configure interception rules. Rule types include SMS OTP Verification, Transfer Time Restriction, Facial Recognition Check, and Admin Approval Required. Admin can define amount threshold, start date, and end date for each rule. Admin can edit, delete, and view the status of each rule. System displays a dashboard listing all configured rules with their active status.","Rule ID, Rule Type, Amount Threshold, Start Date, End Date, Status, Created By",Kelvin,"24th June, 2026",10th April,Tolu,,,,,
Waya Officials,Query Email,"As an admin, I want to monitor email query processing so that I can track successful and failed email updates.","Dashboard displays total success, total failed, and total skipped email requests. Admin can view records containing User ID and New Email. System displays email processing status (Success, Failed, Skipped). Admin can filter records, search, and export the report.","User ID, New Email, Status (Success/Failed/Skipped), Created Date",Kelvin,"24th June, 2026",10th April,Tolu,,Failed with 404 error,,,
Waya Officials,KYC Settings,"As an admin, I want to configure KYC tiers so that transaction limits and verification levels can be controlled.","Dashboard displays all KYC tiers, including tier name, transaction limit, one-time transaction limit, description, and actions. Admin can edit and configure tier limits and descriptions. Changes apply to the customer KYC framework.","Tier Name, Transaction Limit, One-time Limit, Description, Status",Kelvin,"24th June, 2026",10th April,Tolu,,,,,
Waya Officials,Fees Settings,"As an admin, I want to configure platform service fees so that transaction charges are applied correctly.",Admin can define and update service fees across products and transactions. Fees are automatically applied during transactions. Admin can also toggle loan feature availability ON or OFF for Android and iOS platforms.,"Fee Type, Product, Amount, Platform (Android/iOS), Loan Feature Toggle, Status",Kelvin,"24th June, 2026",10th April,Tolu,,"API request of fees success but it fails to show on the front end
https://servicesv3.staging.wayabank.ng/transaction-payment/api/v1/transactions/fees",,,
,,,,,,,,,,,,,
Settings,Password Management,"As an admin, I want to configure password rules so that the system enforces strong authentication policies.","Admin can configure password requirements such as minimum length, character requirements, expiration period, and reset rules. Changes apply to all users during login and password updates.","Minimum Length, Password Complexity Rules, Expiry Period, Status",Kelvin,"24th June, 2026",10th April,Tolu,,Not yet implemented ,,,
Settings,API Key Management,"As an admin, I want to manage API keys so that external systems can securely integrate with the platform.","Admin can create, regenerate, disable, or revoke API keys. System records the creation date and status of each key.","API Key Name, Key Value, Status, Created Date",Kelvin,"24th June, 2026",10th April,Tolu,,Not yet implemented ,,,
Settings,Mobile Configuration,"As an admin, I want to configure mobile application parameters so that mobile app behavior can be controlled centrally.","Admin can enable or disable mobile features, configure environment settings, and apply configuration updates for Android and iOS applications.","Platform (Android/iOS), Feature Name, Status",Kelvin,"10th July, 2026",10th April,Tolu,,Not yet implemented ,,,
Settings,Account Number Configuration,"As an admin, I want to configure account number generation rules so that new accounts follow a consistent numbering format.","Admin can define account number prefix, length, and generation pattern. System automatically generates account numbers based on the configured rule.","Account Prefix, Number Length, Generation Rule",Kelvin,"10th July, 2026",10th April,Tolu,,Not yet implemented ,,,
Settings,CBA Settings,"As an admin, I want to configure core banking application settings so that system-wide financial operations are properly controlled.",Admin can update system parameters that control the behavior of the core banking environment. Changes are applied globally.,"Parameter Name, Value, Description",Kelvin,"10th July, 2026",10th April,Tolu,,Not yet implemented ,,,
Settings,Default Values,"As an admin, I want to configure default system values so that frequently used settings are automatically applied during operations.",Admin can define default values for system fields and operational parameters. These defaults are applied automatically when new records are created.,"Setting Name, Default Value, Description",Kelvin,"10th July, 2026",10th April,Tolu,,Not yet implemented ,,,
Settings,Webhook Configuration,"As an admin, I want to configure webhook endpoints so that external systems can receive transaction notifications.","Admin can add, edit, or remove webhook URLs. System sends event notifications to configured endpoints for supported activities such as transactions and account events.","Webhook URL, Event Type, Status",Kelvin,"10th July, 2026",10th April,Tolu,,Not yet implemented ,,,
Settings,App Settings,"As an admin, I want to manage application-level settings so that platform behavior can be controlled globally.",Admin can configure system-level settings affecting the web and mobile applications. Changes apply immediately or after system refresh.,"Setting Name, Value, Status",Kelvin,"10th July, 2026",10th April,Tolu,,Only Loan setting is currently implemented,,,
Settings,OTP Management,"As an admin, I want to configure OTP parameters so that secure authentication can be enforced across the platform.","Admin can configure OTP expiry time, retry limits, and delivery channels (SMS, Email). System applies these settings during authentication and transaction verification.","OTP Expiry Time, Retry Limit, Delivery Channel",Kelvin,"10th July, 2026",10th April,Tolu,,It has  been impolementes but Fail to reset OTP,,,
Settings,Vendor Configuration,"As an admin, I want to manage third-party vendor configurations so that integrations with external service providers function correctly.","Admin can add, update, or disable vendor configurations. Vendor credentials and integration parameters are stored securely.","Vendor Name, API Endpoint, Status, Integration Key",Kelvin,"10th July, 2026",10th April,Tolu,,Admin can only update and disable  vendor configuration but can't add vendor configuration.  ,,,
,,,,,,,,,,,,,
Payment Services,Funds Transfer,"As an admin, I want to monitor and manage fund transfers so that transaction activity across the platform can be tracked.","System displays transfer records including sender, receiver, amount, and status. Admin can search, filter by date, and export transaction data.","Transaction ID, Sender Account, Receiver Account, Amount, Status, Date",Kelvin,"20th July, 2026",12th April,Tolu,,,,,
Payment Services,NIP Enquiry,"As an admin, I want to perform NIP account enquiries so that beneficiary details can be verified before a transfer is executed.",Admin enters destination bank and account number. System retrieves and displays the beneficiary name from the NIP service.,"Bank Name, Account Number, Account Name",Kelvin,"20th July, 2026",12th April,Tolu,,,,,
Payment Services,Batch Journal,"As an admin, I want to process batch journal entries so that multiple accounting entries can be recorded at once.",Admin uploads or creates a batch journal entry. System validates entries and posts them to the appropriate ledger accounts.,"Batch ID, Debit Account, Credit Account, Amount, Status",Kelvin,"20th July, 2026",12th April,Tolu,,Not yet implemented ,,,
Payment Services,Journal,"As an admin, I want to create manual journal entries so that financial adjustments can be recorded in the system.",Admin enters debit and credit account details and submits the journal entry. System validates and posts the transaction.,"Journal ID, Debit Account, Credit Account, Amount, Date",Kelvin,"20th July, 2026",12th April,Tolu,,Not yet implemented ,,,
Payment Services,Card Services,"As an admin, I want to monitor card-related transactions so that card usage across the platform can be tracked.","System displays card transaction records with filters, search capability, and export functionality.","Card Number, Transaction ID, Amount, Status, Date",Kelvin,"20th July, 2026",12th April,Tolu,,Not yet implemented ,,,
Payment Services,Overdraft,"As an admin, I want to manage overdraft transactions so that accounts with insufficient balances can be handled according to policy.",System records overdraft usage and displays overdraft transactions. Admin can view details and track repayment status.,"Account Number, Overdraft Amount, Status, Date",Kelvin,"20th July, 2026",12th April,Tolu,,Not yet implemented ,,,
Payment Services,NIP Outward Transactions,"As an admin, I want to view NIP outward transfer records so that external bank transfers can be monitored.","System displays all outward NIP transactions with search, filtering, and export capability.","Transaction ID, Sender Account, Destination Bank, Amount, Status",Kelvin,"20th July, 2026",12th April,Tolu,,Not yet implemented ,,,
Payment Services,Easypay Outward Transaction,"As an admin, I want to monitor Easypay outward transactions so that payments processed through Easypay can be tracked.",System displays Easypay transaction records with filters and export functionality.,"Transaction ID, Beneficiary, Amount, Status",Kelvin,"20th July, 2026",12th April,Tolu,,Not yet implemented ,,,
Payment Services,Bills Payment,"As an admin, I want to monitor bill payment transactions so that payment activity across service providers can be tracked.","System displays bill payment transactions with search, filter, and export options.","Transaction ID, Biller Name, Amount, Status",Kelvin,"20th July, 2026",12th April,Tolu,,"System displays bill payment transactions but no search, filter, and export options.",,,
Payment Services,Product Transaction,"As an admin, I want to view product-related transactions so that performance of platform products can be monitored.","System displays product transaction records including associated product, transaction amount, and status.","Product Name, Transaction ID, Amount, Status",Kelvin,"20th July, 2026",12th April,Tolu,,No Transaction Found,,,
Payment Services,Product Pricing,"As an admin, I want to configure pricing for products so that service charges can be applied correctly.",Admin can define pricing rules for different products and update existing pricing configurations.,"Product Name, Price, Effective Date",Kelvin,"20th July, 2026",12th April,Tolu,,,,,
Payment Services,Commissions,"As an admin, I want to configure and track commission structures so that revenue from transactions can be calculated correctly.",Admin can define commission rules and view commission records generated from transactions.,"Commission Type, Amount, Transaction ID",Kelvin,"20th July, 2026",12th April,Tolu,,Failed to fetch commissions.,,,
Payment Services,NIP Inward Reconciliation,"As an admin, I want to reconcile inbound NIP transactions so that discrepancies between incoming payments and system records can be resolved.",System displays inward NIP transactions and reconciliation status. Admin can review and reconcile mismatched transactions.,"Transaction ID, Source Bank, Amount, Status",Kelvin,"21st July, 2026",12th April,Tolu,,,,,
Payment Services,All Transactions,"As an admin, I want to view all platform transactions so that I can monitor overall financial activity.","System displays a consolidated transaction dashboard with filters, search, and export capability across all transaction types.","Transaction ID, Product Type, Amount, Status, Date",Kelvin,"21st July, 2026",12th April,Tolu,,,,,
,,,,,Kelvin,,12th April,,,,,,
POS,Create POS Terminal Request (Maker),"As an admin initiator (maker), I want to submit a POS terminal request for a merchant so that a terminal can be issued after approval.",Maker selects merchant and submits request. Request status becomes Pending Approval and is sent to the approval queue. Maker cannot approve their own request.,"choose terminal, select Merchant , delivery address, terminal password, terminal pin, account to debit, account to assign terminal to",Awesome ,,30th March,Chioma,,,,,
POS,Review POS Terminal Request (Checker),"As an admin approver (checker), I want to review POS terminal requests so that only valid requests proceed to terminal issuance.",Checker opens request from approval queue and reviews merchant and request details before taking action.,"Request ID, Merchant Name, Email, Phone Number, Request Date",Awesome ,,30th March,Chioma,,,,,
POS,Approve / Reject POS Request (Checker),"As an admin approver, I want to approve or reject POS terminal requests so that only valid requests proceed to terminal creation.","Checker can approve or reject request. If rejected, reason must be provided. System records approval or rejection details.","Request ID, Status, Approved/Rejected By, Approval/Rejection Date, Remarks",Awesome ,,30th March,Chioma,,,,,
POS,Create Terminal Type,"As an admin, I want to create POS terminal types so that terminals can be categorized by device type.","Admin creates terminal types (e.g., Android POS, Smart POS). System stores terminal type for terminal creation.","Terminal Type Name, Description, Status",Awesome ,,30th March,Chioma,,,,,
POS,Add POS Terminal,"As an admin, I want to add POS terminals to the system so that they can later be issued to merchants.","Admin enters terminal ID, serial number, and terminal type. Terminal becomes available for assignment.","Terminal ID, Serial Number, Terminal Type, Status",Awesome ,,30th March,Chioma,,,,,
POS,Assign / Issue Terminal,"As an admin, I want to assign a POS terminal to a merchant so that the merchant can begin accepting payments.",Admin selects available terminal and assigns it to a merchant. Terminal status changes to Assigned.,"Terminal ID, Serial Number, Merchant Name, Email, Phone Number",Awesome ,,30th March,Chioma,,,,,
POS,Terminal Dashboard,"As an admin, I want to view a dashboard showing all assigned POS terminals so that I can monitor terminal distribution.","System displays terminals assigned to merchants. Admin can search, filter, and export the list.","Terminal ID, Serial Number, Merchant Name, Email, Phone Number, Status",Awesome ,,30th March,Chioma,,,,,
POS,Edit Terminal,"As an admin, I want to edit terminal details so that incorrect information can be corrected.",Admin updates terminal information such as terminal type or merchant details. System saves updated information.,"Terminal ID, Serial Number, Merchant Name, Terminal Type",Awesome ,,30th March,Chioma,,,,,
POS,Reassign Terminal,"As an admin, I want to reassign terminals to another merchant so that unused terminals can be reused.",Admin selects terminal and changes merchant assignment. System logs reassignment activity.,"Terminal ID, Old Merchant, New Merchant, Reassignment Date",Awesome ,,30th March,Chioma,,,,,
POS,Deactivate Terminal,"As an admin, I want to deactivate a terminal so that it cannot process transactions when required.",Admin marks terminal as inactive. Deactivated terminals cannot process transactions.,"Terminal ID, Serial Number, Status",Awesome ,,30th March,Chioma,,,,,
POS,Delete Terminal,"As an admin, I want to delete terminals so that unused terminals can be removed from the system.",Admin deletes terminal records that are not currently assigned or active.,"Terminal ID, Serial Number",Awesome ,,30th March,Chioma,,,,,
POS,Search Terminal,"As an admin, I want to search terminals using Terminal ID or Serial Number so that I can quickly locate terminal records.",System allows search by terminal ID or serial number and displays matching records.,"Terminal ID, Serial Number",Awesome ,3rd April,30th March,Chioma,,The terminal is not bringing up the searched request,,,
POS,Filter & Export Terminals,"As an admin, I want to filter and export terminal records so that I can analyze terminal distribution offline.","Admin can filter by merchant, status, or date range. System allows export of results to Excel.","Terminal ID, Serial Number, Merchant Name, Status, Date",Awesome ,,30th March,Chioma,,,,,
POS,POS Transactions,"As an admin, I want to monitor POS transactions so that payment activity from POS devices can be tracked.","System displays POS transactions with filters, search, and export options.","Transaction ID, Terminal ID, Merchant Name, Amount, Status, Date",Awesome ,,30th March,Chioma,,,,,
POS,Manage Merchants,"As an admin, I want to manage merchants linked to POS terminals so that merchant profiles and device assignments are maintained.","Admin can create, edit, and view merchant profiles associated with POS terminals.","Merchant ID, Merchant Name, Email, Phone Number, Status",Awesome ,,30th March,Chioma,,,,,
POS,Defaulters Log,"As an admin, I want to view merchants flagged as defaulters so that risk or settlement issues can be monitored.",System lists merchants or terminals flagged due to settlement or compliance issues. Admin can filter and export records.,"Merchant Name, Terminal ID, Default Reason, Status, Date",Awesome ,,30th March,Chioma,,,,,
POS,POS Logs,"As an admin, I want to view POS activity logs so that system actions related to terminals and transactions can be tracked.","System records and displays logs for terminal creation, assignment, updates, and transactions.","Log ID, Action, Performed By, Timestamp",Awesome ,,30th March,Chioma,,,,,
POS,Aggregator Dashboard,"As an admin, I want to view an aggregator dashboard so that I can monitor POS performance across aggregators.","Dashboard displays aggregator transaction metrics including total transactions, transaction volume, success rate, and revenue.","Aggregator Name, Total Transactions, Transaction Volume, Success Rate, Revenue",Awesome ,,30th March,Chioma,,,,,
